               epoch,      train/box_loss,      train/obj_loss,      train/cls_loss,    train/theta_loss,  train/topleft_loss,   metrics/precision,      metrics/recall,     metrics/mAP_0.5,metrics/mAP_0.5:0.95,        val/box_loss,        val/obj_loss,        val/cls_loss,      val/theta_loss,    val/topleft_loss,               x/lr0,               x/lr1,               x/lr2
                   0,            0.083594,            0.040882,            0.067409,             0.20411,            0.061208,             0.51614,             0.10564,            0.017275,           0.0041818,            0.062662,            0.037037,            0.062793,             0.19846,            0.051767,             0.00124,             0.00124,             0.08884
                   1,            0.061832,            0.034808,            0.060007,             0.19488,            0.049092,             0.24589,                0.35,             0.11127,            0.031342,            0.056083,            0.026237,            0.056249,             0.19069,            0.044611,             0.00249,             0.00249,             0.07759
                   2,            0.057106,            0.028973,            0.053262,             0.18659,            0.039718,             0.34881,             0.39385,             0.20578,            0.079672,            0.046199,            0.023258,            0.048941,             0.17786,            0.029161,           0.0037399,           0.0037399,             0.06634
                   3,             0.05792,            0.026313,             0.04623,              0.1729,            0.033759,             0.43954,             0.39952,             0.32245,             0.10709,            0.053354,            0.021517,            0.040344,             0.16089,            0.026233,           0.0049896,           0.0049896,             0.05509
                   4,            0.069437,            0.024042,            0.039502,             0.16275,            0.032307,             0.37203,              0.4479,             0.29161,            0.091891,            0.059072,            0.021249,            0.033708,             0.15097,             0.02562,           0.0062392,           0.0062392,            0.043839
                   5,            0.068479,            0.023661,            0.034277,             0.15383,            0.032007,             0.46161,             0.55132,             0.50503,             0.19088,            0.056483,            0.022423,            0.029347,             0.14357,             0.02604,           0.0074885,           0.0074885,            0.032589
                   6,            0.069405,            0.023777,            0.029968,             0.14607,            0.031323,             0.40897,             0.50431,             0.39088,             0.12725,            0.064866,            0.022736,            0.028015,              0.1368,              0.0256,           0.0087375,           0.0087375,            0.021338
                   7,            0.067759,            0.024026,            0.025902,             0.14067,            0.031365,             0.52944,             0.58748,             0.53129,             0.19838,            0.051691,            0.025447,            0.024887,             0.13417,            0.026518,           0.0099861,           0.0099861,            0.010086
                   8,            0.064863,            0.025342,            0.024632,             0.13699,            0.031393,             0.52304,             0.60585,             0.54733,             0.20379,            0.053411,            0.023269,            0.022209,             0.12865,            0.025351,           0.0099949,           0.0099949,           0.0099949
                   9,            0.062219,            0.024966,            0.022442,             0.13239,             0.03094,             0.58938,             0.60821,             0.60328,             0.23932,            0.056181,            0.023842,            0.022842,             0.12595,            0.025675,           0.0099949,           0.0099949,           0.0099949
                  10,            0.060269,            0.025421,            0.020904,              0.1294,            0.030264,             0.66631,             0.68017,             0.68131,             0.26197,            0.050626,            0.022062,            0.016208,             0.12258,            0.024609,           0.0099936,           0.0099936,           0.0099936
                  11,            0.057858,            0.024795,            0.019293,              0.1262,            0.030158,             0.67204,             0.65175,             0.64222,               0.236,            0.052814,            0.021472,            0.015407,             0.12179,             0.02668,           0.0099921,           0.0099921,           0.0099921
                  12,            0.056811,            0.024878,            0.018169,             0.12429,            0.030076,              0.7758,             0.71731,             0.77077,             0.31502,            0.046297,            0.021157,            0.016044,             0.11792,            0.024196,           0.0099905,           0.0099905,           0.0099905
                  13,            0.055096,            0.024698,            0.017296,              0.1226,            0.029347,             0.71792,             0.75966,              0.7854,             0.34819,            0.044172,            0.021513,            0.014712,             0.11573,            0.023868,           0.0099886,           0.0099886,           0.0099886
                  14,             0.05444,            0.024245,            0.016715,             0.12091,            0.028929,             0.79703,             0.77089,             0.80542,             0.33919,            0.044612,            0.020481,            0.012699,             0.11606,             0.02398,           0.0099867,           0.0099867,           0.0099867
                  15,            0.053169,            0.023701,            0.015392,             0.11969,            0.029239,             0.78478,             0.65051,             0.73822,             0.34594,            0.043596,            0.023451,            0.015593,             0.11598,            0.025304,           0.0099845,           0.0099845,           0.0099845
                  16,            0.051918,            0.023996,            0.015453,             0.11941,            0.029244,             0.76928,              0.8048,              0.8238,             0.37753,            0.040849,            0.021555,            0.012953,             0.11316,            0.024502,           0.0099822,           0.0099822,           0.0099822
                  17,            0.051296,            0.023841,            0.015201,             0.11807,            0.028565,             0.74517,             0.72523,              0.7646,              0.3623,            0.040721,            0.023183,            0.014155,             0.11356,             0.02333,           0.0099798,           0.0099798,           0.0099798
                  18,            0.050519,            0.023546,            0.014763,             0.11656,            0.028733,             0.81318,             0.78368,             0.84066,             0.38645,            0.039999,            0.020259,            0.011855,             0.11225,             0.02353,           0.0099772,           0.0099772,           0.0099772
                  19,            0.050096,            0.023549,            0.013966,             0.11573,            0.028572,             0.84852,              0.7774,             0.85943,             0.42469,            0.038892,            0.020201,            0.010468,             0.10879,            0.023737,           0.0099744,           0.0099744,           0.0099744
                  20,            0.049631,            0.023448,            0.014057,             0.11541,            0.028628,             0.82771,              0.7851,             0.84978,             0.41257,            0.037208,            0.020588,            0.011727,             0.11055,            0.023396,           0.0099715,           0.0099715,           0.0099715
                  21,             0.04865,            0.023263,            0.013445,             0.11437,            0.028471,             0.89361,             0.77048,             0.87417,             0.43569,            0.037115,            0.020183,            0.010414,              0.1088,            0.022749,           0.0099685,           0.0099685,           0.0099685
                  22,            0.048476,            0.023193,            0.013243,             0.11343,            0.028418,             0.88301,             0.80637,             0.88732,              0.4434,            0.037181,            0.020011,           0.0090962,             0.10892,            0.022884,           0.0099652,           0.0099652,           0.0099652
                  23,            0.048103,            0.023176,            0.012546,              0.1129,            0.027887,             0.84627,             0.73923,             0.82577,             0.41267,            0.036957,            0.021677,            0.011459,             0.10917,            0.024423,           0.0099618,           0.0099618,           0.0099618
                  24,            0.047708,            0.022962,             0.01274,             0.11289,            0.027369,             0.86658,              0.8035,             0.86229,             0.41144,            0.037805,            0.019329,           0.0075043,              0.1086,            0.022908,           0.0099583,           0.0099583,           0.0099583
                  25,             0.04703,             0.02257,            0.012136,              0.1115,            0.028139,             0.85078,             0.74171,             0.82755,             0.41978,            0.037585,            0.020153,            0.012417,             0.10859,             0.02411,           0.0099546,           0.0099546,           0.0099546
                  26,            0.046769,            0.023019,            0.012696,             0.11179,            0.027586,             0.88209,             0.75076,             0.83548,             0.43496,            0.036644,            0.019936,            0.010516,             0.10844,            0.022179,           0.0099508,           0.0099508,           0.0099508
                  27,            0.046376,            0.022631,            0.012237,             0.11113,            0.027907,             0.89025,              0.7837,             0.89752,             0.47444,            0.034658,             0.01941,           0.0085394,               0.105,            0.022767,           0.0099467,           0.0099467,           0.0099467
                  28,            0.046129,            0.022981,            0.011601,             0.11005,            0.027905,              0.8801,             0.80238,             0.87125,              0.4604,            0.035092,            0.019406,           0.0086564,             0.10521,            0.022988,           0.0099426,           0.0099426,           0.0099426
                  29,            0.045721,            0.022407,            0.011605,             0.10981,            0.027182,             0.91031,             0.84105,             0.90375,             0.47652,            0.034483,            0.018814,            0.008026,             0.10457,            0.022627,           0.0099383,           0.0099383,           0.0099383
                  30,            0.045252,            0.022188,            0.011214,             0.10906,            0.027313,             0.86794,             0.86021,             0.89915,              0.4954,            0.034856,            0.018894,           0.0074394,              0.1046,            0.023345,           0.0099338,           0.0099338,           0.0099338
                  31,            0.045173,            0.022477,            0.011271,             0.10912,            0.027304,             0.87664,             0.89222,             0.92637,             0.48258,            0.034169,            0.018387,           0.0071686,             0.10385,             0.02204,           0.0099291,           0.0099291,           0.0099291
                  32,            0.044841,            0.022736,            0.010292,             0.10832,            0.027445,             0.85618,              0.8556,             0.88558,               0.485,            0.033325,            0.018928,           0.0076279,             0.10559,             0.02234,           0.0099244,           0.0099244,           0.0099244
                  33,            0.044484,            0.022202,            0.011191,             0.10862,            0.027095,             0.85641,             0.83014,             0.89432,             0.48111,            0.033574,            0.018842,           0.0087399,             0.10434,            0.023472,           0.0099194,           0.0099194,           0.0099194
                  34,            0.044403,            0.022418,            0.010627,             0.10803,            0.027163,             0.89317,             0.85973,              0.9017,             0.48801,            0.032984,            0.018865,           0.0065033,             0.10431,            0.022636,           0.0099143,           0.0099143,           0.0099143
                  35,            0.044444,            0.022639,            0.010423,             0.10716,            0.026686,             0.92088,             0.84985,             0.91799,             0.49994,            0.033513,            0.018509,           0.0067562,             0.10129,            0.021666,           0.0099091,           0.0099091,           0.0099091
                  36,            0.044422,             0.02217,            0.010187,              0.1067,            0.026901,               0.925,              0.8315,             0.91366,             0.49384,            0.033558,             0.01852,           0.0063523,              0.1022,            0.022907,           0.0099037,           0.0099037,           0.0099037
                  37,            0.043734,            0.022313,           0.0097555,              0.1064,             0.02665,             0.91172,             0.85179,             0.90619,             0.49507,            0.032859,            0.018444,           0.0062104,             0.10279,            0.022127,           0.0098981,           0.0098981,           0.0098981
                  38,            0.043449,            0.022251,            0.010659,             0.10663,            0.026924,             0.85283,             0.84221,             0.89225,             0.50176,            0.032098,            0.018867,           0.0084563,             0.10097,            0.022723,           0.0098924,           0.0098924,           0.0098924
                  39,            0.043263,             0.02217,           0.0094663,             0.10578,            0.026822,             0.85374,             0.76449,             0.85727,              0.4842,            0.033812,            0.020795,            0.012014,             0.10283,            0.024127,           0.0098865,           0.0098865,           0.0098865
                  40,            0.043592,            0.022175,           0.0098576,             0.10519,            0.026947,             0.88349,             0.84221,             0.90779,             0.49404,             0.03275,            0.019008,           0.0081119,              0.1013,            0.023443,           0.0098805,           0.0098805,           0.0098805
                  41,            0.042873,             0.02221,           0.0096065,             0.10564,            0.026854,              0.9044,             0.87315,             0.92777,             0.52309,            0.031687,            0.018059,           0.0060526,            0.099764,            0.022716,           0.0098743,           0.0098743,           0.0098743
                  42,            0.042562,            0.021716,           0.0093529,             0.10401,            0.026453,             0.87497,             0.88154,             0.92157,             0.52194,            0.031416,             0.01804,           0.0066264,             0.10075,            0.022361,            0.009868,            0.009868,            0.009868
                  43,            0.043189,            0.021858,           0.0098154,               0.105,            0.026324,             0.91055,             0.85616,              0.9278,             0.52538,            0.031374,            0.018615,           0.0063529,             0.10072,             0.02168,           0.0098615,           0.0098615,           0.0098615
                  44,            0.041889,            0.021906,            0.009761,             0.10427,            0.026596,             0.88114,             0.88349,             0.92356,             0.52226,            0.031283,            0.018166,           0.0064726,            0.098957,            0.021817,           0.0098549,           0.0098549,           0.0098549
                  45,              0.0425,            0.021406,           0.0089719,             0.10421,            0.026378,             0.92715,             0.85884,             0.91899,             0.51203,            0.031165,            0.018099,           0.0062629,            0.099224,            0.021774,           0.0098481,           0.0098481,           0.0098481
                  46,             0.04221,            0.021905,           0.0096155,             0.10459,            0.026845,             0.90489,             0.87686,             0.91574,             0.52321,              0.0314,            0.017994,           0.0059898,            0.098558,            0.021853,           0.0098412,           0.0098412,           0.0098412
                  47,            0.041847,            0.021731,           0.0091527,             0.10374,            0.026416,             0.89292,             0.88513,             0.92495,             0.52863,            0.031426,            0.018114,           0.0064005,             0.10012,            0.021483,           0.0098341,           0.0098341,           0.0098341
                  48,            0.041761,            0.021665,           0.0091382,             0.10362,            0.026384,             0.91552,             0.88224,             0.93117,             0.53633,            0.031339,            0.017702,           0.0054918,             0.10014,            0.022753,           0.0098268,           0.0098268,           0.0098268
                  49,            0.041575,            0.021652,           0.0091022,             0.10298,            0.026742,              0.9353,             0.85784,             0.92636,             0.53142,            0.031038,            0.018185,           0.0063096,            0.099416,            0.021834,           0.0098195,           0.0098195,           0.0098195
                  50,            0.041598,            0.021425,           0.0086628,             0.10242,            0.026005,             0.88136,             0.90431,             0.92648,             0.52975,             0.03045,            0.018054,           0.0054366,            0.099031,            0.022422,           0.0098119,           0.0098119,           0.0098119
                  51,            0.041357,            0.021141,           0.0083585,              0.1013,            0.026064,             0.92263,             0.88306,             0.93493,             0.54999,            0.030393,            0.017609,           0.0054098,              0.0982,            0.022366,           0.0098042,           0.0098042,           0.0098042
                  52,            0.041204,            0.021525,           0.0087405,             0.10271,            0.026303,             0.92289,             0.90265,              0.9453,             0.54708,            0.030151,            0.017716,           0.0055393,               0.097,            0.021379,           0.0097964,           0.0097964,           0.0097964
                  53,            0.041237,            0.021239,           0.0085742,             0.10114,            0.025637,             0.92352,             0.87622,             0.93708,             0.52863,            0.030663,            0.017614,           0.0051193,            0.098995,            0.021176,           0.0097884,           0.0097884,           0.0097884
                  54,              0.0411,            0.021523,           0.0084171,             0.10198,            0.026317,             0.92705,             0.88473,             0.93469,             0.53794,            0.029631,            0.017387,           0.0050764,            0.097865,            0.022682,           0.0097803,           0.0097803,           0.0097803
                  55,            0.040393,             0.02096,           0.0085151,             0.10129,            0.026152,             0.91284,             0.91129,             0.94527,             0.55845,            0.030029,            0.017618,           0.0049858,            0.096815,            0.021881,            0.009772,            0.009772,            0.009772
                  56,            0.040632,            0.021376,           0.0079412,             0.10121,            0.026004,              0.9148,             0.90598,             0.94809,             0.55152,            0.029217,            0.017411,           0.0049542,            0.097288,            0.021274,           0.0097635,           0.0097635,           0.0097635
                  57,             0.04073,            0.021307,           0.0087174,             0.10108,            0.025766,             0.91178,             0.90887,             0.94363,             0.54418,            0.029413,            0.017265,           0.0052539,            0.097158,            0.021556,           0.0097549,           0.0097549,           0.0097549
                  58,            0.040852,            0.021363,            0.008465,             0.10027,            0.025921,             0.95257,             0.86204,             0.93666,             0.54236,            0.029469,            0.017562,           0.0052352,             0.09817,            0.021573,           0.0097462,           0.0097462,           0.0097462
                  59,            0.040715,            0.021675,           0.0084387,             0.10085,            0.026107,             0.91359,             0.89701,             0.93301,             0.54678,             0.02968,            0.017398,           0.0049394,            0.096817,            0.021665,           0.0097373,           0.0097373,           0.0097373
                  60,            0.040352,            0.021087,           0.0078436,            0.099676,            0.025378,             0.92154,             0.88799,             0.94117,             0.55085,            0.030061,            0.017432,            0.005827,            0.097201,            0.021517,           0.0097283,           0.0097283,           0.0097283
                  61,            0.040204,            0.021026,           0.0077595,            0.099556,            0.025857,             0.91553,             0.89835,              0.9411,             0.55654,            0.029192,            0.017164,           0.0047282,            0.097416,            0.021432,           0.0097191,           0.0097191,           0.0097191
                  62,            0.040492,            0.021207,           0.0081853,             0.10016,            0.025828,             0.89919,             0.92486,             0.94374,             0.55116,            0.029025,            0.017471,           0.0050127,             0.09706,            0.020595,           0.0097098,           0.0097098,           0.0097098
                  63,            0.039885,            0.020868,           0.0078579,            0.099246,            0.025708,             0.92439,             0.86315,             0.92751,              0.5473,            0.029843,            0.017613,           0.0050922,            0.097153,            0.021625,           0.0097003,           0.0097003,           0.0097003
                  64,            0.040259,            0.020754,           0.0075783,            0.099424,            0.025494,               0.939,             0.87735,             0.94237,             0.56603,            0.028863,            0.017227,           0.0051732,            0.096441,             0.02177,           0.0096907,           0.0096907,           0.0096907
                  65,            0.039802,            0.020427,            0.007673,            0.098777,            0.025768,             0.89597,             0.91551,             0.93853,              0.5556,            0.029123,            0.017449,            0.004608,            0.097092,             0.02106,           0.0096809,           0.0096809,           0.0096809
                  66,            0.039502,            0.021073,            0.007481,             0.09851,            0.025642,             0.89718,             0.88867,             0.93244,             0.54845,            0.029243,            0.017393,           0.0052028,            0.096107,            0.022085,            0.009671,            0.009671,            0.009671
                  67,            0.039441,            0.020768,           0.0077139,            0.099332,            0.025654,              0.9482,             0.87504,             0.94534,             0.56193,            0.028806,            0.017228,            0.004454,            0.096151,            0.022665,            0.009661,            0.009661,            0.009661
                  68,            0.039528,            0.021126,           0.0083085,            0.098881,            0.025828,             0.91789,              0.8978,             0.93947,             0.55223,            0.028604,            0.017138,           0.0050943,            0.094554,             0.02129,           0.0096508,           0.0096508,           0.0096508
                  69,            0.039556,            0.020516,           0.0075166,             0.09773,            0.025266,             0.92602,             0.90167,             0.94824,             0.56549,            0.028531,            0.017222,           0.0050115,            0.095993,            0.021499,           0.0096404,           0.0096404,           0.0096404
                  70,            0.039009,            0.020561,           0.0074541,            0.098199,            0.025339,             0.93403,             0.90714,             0.95553,              0.5674,            0.028429,            0.017004,           0.0041281,            0.096253,            0.021543,           0.0096299,           0.0096299,           0.0096299
                  71,            0.039159,            0.021167,           0.0080952,            0.098102,            0.025986,             0.91697,             0.90576,             0.93576,             0.55468,            0.028525,            0.016921,            0.005065,            0.096005,            0.021162,           0.0096193,           0.0096193,           0.0096193
                  72,            0.039219,             0.02066,           0.0075544,            0.097882,            0.025355,             0.90808,             0.90717,             0.94404,             0.56782,            0.028633,            0.017022,           0.0045302,            0.095643,            0.021626,           0.0096085,           0.0096085,           0.0096085
                  73,            0.039533,             0.02054,           0.0076592,            0.097621,            0.024973,             0.90412,             0.89109,             0.93306,             0.55984,            0.028338,            0.016954,           0.0047921,            0.094687,            0.021397,           0.0095976,           0.0095976,           0.0095976
                  74,             0.03907,            0.020381,           0.0073971,            0.097634,            0.025165,             0.93329,             0.89114,             0.93967,              0.5609,            0.028529,            0.017131,           0.0040245,            0.095383,            0.021032,           0.0095866,           0.0095866,           0.0095866
                  75,            0.038996,            0.020793,           0.0072305,            0.097756,             0.02538,             0.95012,             0.89869,             0.94523,             0.56349,            0.027879,             0.01674,           0.0043593,            0.096079,            0.021488,           0.0095754,           0.0095754,           0.0095754
                  76,            0.038791,             0.02043,           0.0069207,            0.097018,              0.0249,             0.93186,             0.89836,             0.94239,             0.57004,            0.028226,            0.016871,           0.0044772,            0.095297,            0.020987,            0.009564,            0.009564,            0.009564
                  77,            0.039134,            0.020687,           0.0072317,            0.096585,            0.024954,             0.94024,             0.88396,             0.93932,             0.55731,            0.028396,            0.017009,           0.0042517,            0.094068,            0.021657,           0.0095525,           0.0095525,           0.0095525
                  78,             0.03871,             0.02045,           0.0071855,            0.096629,            0.024883,             0.90748,             0.90199,             0.93509,             0.56698,            0.027851,            0.016913,           0.0045979,            0.094235,            0.021312,           0.0095409,           0.0095409,           0.0095409
                  79,            0.039059,            0.020213,            0.006549,            0.094678,            0.024746,             0.90963,             0.92848,             0.95112,             0.57631,             0.02783,            0.016732,           0.0042727,            0.093627,            0.022017,           0.0095292,           0.0095292,           0.0095292
                  80,            0.038526,            0.020304,           0.0067766,             0.09625,            0.025038,             0.92712,             0.91086,              0.9472,             0.57908,            0.027708,             0.01678,           0.0037397,            0.093041,            0.020555,           0.0095173,           0.0095173,           0.0095173
                  81,            0.038125,            0.020572,           0.0068348,             0.09566,            0.025045,             0.93499,             0.90695,             0.95151,             0.56412,            0.027683,             0.01668,           0.0046742,            0.091995,            0.021782,           0.0095052,           0.0095052,           0.0095052
                  82,            0.038541,            0.020577,           0.0071719,            0.095694,            0.025396,             0.94515,             0.88572,             0.94284,             0.57699,            0.027805,            0.016881,           0.0042636,            0.093696,            0.021495,            0.009493,            0.009493,            0.009493
                  83,            0.038343,            0.020278,           0.0071146,            0.095576,            0.025177,             0.92992,             0.88835,             0.93347,             0.56482,            0.027686,            0.016673,           0.0049184,             0.09231,            0.021896,           0.0094807,           0.0094807,           0.0094807
                  84,             0.03791,            0.020459,           0.0070012,             0.09561,            0.024978,             0.91601,              0.9104,             0.93879,               0.581,            0.027539,            0.016618,           0.0044212,            0.092089,            0.020971,           0.0094683,           0.0094683,           0.0094683
                  85,            0.038035,            0.020107,           0.0069384,            0.095727,            0.025272,             0.93421,             0.91488,             0.95228,             0.57554,            0.027382,            0.016672,           0.0042532,             0.09362,            0.020419,           0.0094557,           0.0094557,           0.0094557
                  86,            0.038023,            0.020126,           0.0069142,             0.09484,            0.024511,             0.90286,             0.93624,              0.9533,             0.57756,            0.027289,             0.01662,           0.0045988,            0.092684,            0.020734,            0.009443,            0.009443,            0.009443
                  87,            0.038235,             0.02014,           0.0071887,            0.094904,            0.024353,             0.93253,             0.91355,             0.95285,             0.58665,            0.027163,            0.016486,           0.0044185,            0.091839,            0.020821,           0.0094301,           0.0094301,           0.0094301
                  88,            0.038209,            0.020215,           0.0067152,            0.094503,            0.024963,             0.93423,             0.91268,             0.95207,             0.58137,            0.026945,              0.0164,            0.004512,            0.092151,            0.020792,           0.0094171,           0.0094171,           0.0094171
                  89,            0.038244,            0.020569,           0.0069225,            0.095257,            0.024888,             0.91353,             0.90035,              0.9417,             0.58257,            0.026927,            0.016523,           0.0047425,            0.092263,            0.020588,            0.009404,            0.009404,            0.009404
                  90,            0.037911,            0.020061,           0.0070329,            0.094488,            0.024852,             0.94539,             0.89466,              0.9484,             0.58339,            0.026606,            0.016477,            0.004221,            0.091837,            0.021224,           0.0093907,           0.0093907,           0.0093907
                  91,             0.03805,            0.020256,           0.0068716,            0.094382,            0.024672,             0.93412,             0.91724,              0.9483,             0.58125,            0.026679,            0.016299,           0.0038387,            0.092351,            0.021399,           0.0093773,           0.0093773,           0.0093773
                  92,            0.037428,            0.020287,           0.0066278,            0.093797,             0.02444,             0.94612,             0.90886,             0.95585,             0.58016,            0.026646,            0.016368,           0.0038997,            0.092904,            0.021241,           0.0093638,           0.0093638,           0.0093638
                  93,            0.037931,             0.02057,           0.0069685,            0.094345,            0.024494,             0.94076,             0.88634,             0.94524,             0.58406,             0.02713,            0.016564,           0.0041679,            0.093757,            0.020728,           0.0093501,           0.0093501,           0.0093501
                  94,            0.037697,            0.020378,           0.0070056,            0.094015,            0.024898,             0.95358,             0.89968,             0.95854,             0.59489,            0.026765,            0.016439,           0.0047442,            0.093483,            0.021172,           0.0093363,           0.0093363,           0.0093363
                  95,            0.037715,            0.020057,           0.0063929,            0.093163,            0.024935,             0.93994,             0.90262,             0.95212,             0.58312,            0.026789,            0.016476,            0.004158,            0.093082,             0.02041,           0.0093224,           0.0093224,           0.0093224
                  96,             0.03772,            0.020582,           0.0068977,            0.093668,            0.024647,             0.94142,             0.88103,             0.94259,             0.58089,            0.026974,            0.016442,           0.0044353,            0.093433,             0.02132,           0.0093083,           0.0093083,           0.0093083
                  97,            0.037116,            0.020108,           0.0063389,            0.092409,            0.024613,             0.92411,             0.91395,             0.94594,             0.58084,            0.026963,            0.016425,           0.0043949,            0.092471,            0.021272,           0.0092941,           0.0092941,           0.0092941
                  98,            0.038093,            0.020311,           0.0067483,            0.093261,            0.024516,             0.94657,              0.9017,             0.95171,             0.59066,            0.026946,            0.016326,           0.0035715,            0.092905,            0.020853,           0.0092798,           0.0092798,           0.0092798
                  99,            0.037534,            0.020024,           0.0062011,             0.09246,            0.024248,             0.93068,             0.91342,             0.95093,             0.59269,             0.02699,            0.016174,           0.0036535,            0.093359,            0.020294,           0.0092654,           0.0092654,           0.0092654
                 100,            0.037011,            0.020105,           0.0060339,             0.09221,            0.024608,             0.94633,             0.91086,             0.95417,             0.59602,            0.026689,            0.016205,           0.0038947,            0.092519,            0.020121,           0.0092508,           0.0092508,           0.0092508
                 101,            0.037376,            0.019959,            0.006473,            0.092342,            0.024052,             0.93029,             0.91102,             0.95134,             0.59257,            0.026497,            0.016258,           0.0040222,            0.091654,            0.020964,           0.0092361,           0.0092361,           0.0092361
                 102,            0.036815,            0.020028,           0.0062522,            0.091522,            0.023731,             0.92415,             0.91418,             0.94614,             0.59436,            0.026632,            0.016211,           0.0039663,            0.091035,            0.020623,           0.0092212,           0.0092212,           0.0092212
                 103,            0.037412,            0.019678,           0.0060741,            0.092925,            0.024423,             0.93891,              0.9217,             0.95915,             0.60523,            0.026316,            0.016131,           0.0039746,            0.092141,            0.020214,           0.0092063,           0.0092063,           0.0092063
                 104,            0.037153,            0.020076,           0.0064167,            0.091288,            0.024435,             0.91497,             0.94624,             0.96029,              0.5969,            0.026462,            0.016332,           0.0038047,            0.092489,            0.020573,           0.0091912,           0.0091912,           0.0091912
                 105,            0.036454,            0.019672,           0.0063882,            0.091243,            0.024384,             0.93667,             0.91691,             0.95913,             0.60035,            0.026069,            0.016169,           0.0035187,            0.091326,            0.020624,            0.009176,            0.009176,            0.009176
                 106,            0.036805,            0.019509,           0.0060911,             0.09218,            0.024628,             0.94284,             0.91146,              0.9547,             0.59351,             0.02616,            0.016175,           0.0038642,             0.09189,            0.021304,           0.0091606,           0.0091606,           0.0091606
                 107,            0.037181,            0.020087,           0.0060344,            0.091229,             0.02403,             0.91587,             0.93373,             0.95392,             0.59751,            0.026378,            0.016245,           0.0038918,            0.092211,            0.020525,           0.0091452,           0.0091452,           0.0091452
                 108,            0.037488,            0.019873,           0.0063739,            0.091151,            0.023772,             0.92334,             0.92876,             0.95451,             0.59735,            0.026643,             0.01639,           0.0033576,            0.092914,            0.020809,           0.0091296,           0.0091296,           0.0091296
                 109,             0.03675,            0.019893,           0.0063948,            0.090913,            0.024252,             0.93364,             0.91057,             0.95518,             0.59655,            0.026191,             0.01635,           0.0037394,            0.091502,            0.020462,           0.0091138,           0.0091138,           0.0091138
                 110,             0.03695,            0.019873,           0.0063239,            0.091019,            0.024087,             0.94402,             0.91399,             0.95393,             0.60103,            0.026323,            0.016257,           0.0040454,            0.092029,            0.020236,            0.009098,            0.009098,            0.009098
                 111,            0.037002,            0.019918,           0.0062541,            0.090892,            0.023962,             0.94956,             0.89434,             0.95518,              0.6075,            0.026239,            0.016085,           0.0039661,             0.09115,            0.020872,           0.0090821,           0.0090821,           0.0090821
                 112,            0.036897,            0.019597,            0.006323,            0.090926,            0.024273,             0.94331,              0.8987,             0.95244,             0.59852,            0.026376,            0.016252,            0.003569,            0.092151,             0.02081,            0.009066,            0.009066,            0.009066
                 113,            0.036786,            0.019565,           0.0062999,            0.090493,            0.024482,              0.9516,             0.90736,             0.95597,             0.60198,            0.026281,            0.015975,           0.0036481,            0.092372,             0.02102,           0.0090498,           0.0090498,           0.0090498
                 114,            0.036659,            0.019464,           0.0061893,            0.090573,            0.024156,             0.94555,             0.90819,             0.95513,             0.60357,            0.026186,            0.015909,            0.004011,            0.091905,            0.020441,           0.0090334,           0.0090334,           0.0090334
                 115,            0.036498,            0.019685,             0.00623,            0.090622,             0.02394,             0.93223,             0.92958,             0.95965,             0.60185,             0.02607,             0.01583,           0.0039942,            0.091501,            0.020858,            0.009017,            0.009017,            0.009017
                 116,            0.036506,            0.019305,           0.0060629,            0.090305,            0.023604,             0.93792,             0.91669,             0.95674,             0.59677,            0.026232,            0.015966,           0.0039881,            0.091774,            0.020811,           0.0090004,           0.0090004,           0.0090004
                 117,            0.036401,            0.019472,           0.0057567,             0.08949,            0.023651,             0.95428,             0.90195,             0.95901,              0.5932,            0.026179,            0.016051,           0.0041534,            0.091756,            0.020878,           0.0089838,           0.0089838,           0.0089838
                 118,            0.036627,            0.019683,           0.0059976,            0.090009,            0.023767,             0.93991,              0.9244,              0.9621,             0.60923,            0.025865,            0.015874,           0.0034041,            0.091863,            0.020176,            0.008967,            0.008967,            0.008967
                 119,            0.036177,            0.019118,            0.005746,            0.089046,            0.023701,             0.94928,             0.89569,              0.9567,             0.60985,            0.025843,             0.01596,             0.00399,            0.091716,            0.020673,           0.0089501,           0.0089501,           0.0089501
                 120,            0.036106,            0.019774,           0.0055667,            0.089454,            0.023858,             0.92954,             0.92498,             0.95643,             0.60231,            0.025384,            0.015924,           0.0037061,            0.092288,            0.020444,            0.008933,            0.008933,            0.008933
                 121,            0.036649,            0.019598,           0.0057698,            0.089139,            0.023675,             0.92343,             0.92486,             0.95702,             0.60807,            0.025163,            0.015798,           0.0036051,            0.092028,            0.020388,           0.0089159,           0.0089159,           0.0089159
                 122,            0.036087,             0.01937,           0.0060936,            0.088751,             0.02309,             0.93645,             0.90696,             0.95559,             0.60566,            0.025494,            0.015901,           0.0039099,            0.092291,            0.020152,           0.0088986,           0.0088986,           0.0088986
                 123,            0.036314,            0.019275,           0.0056562,            0.088123,            0.023148,             0.93143,             0.91903,             0.95961,             0.60413,            0.025794,            0.015985,           0.0043308,            0.092318,            0.020143,           0.0088812,           0.0088812,           0.0088812
                 124,            0.035822,            0.019413,           0.0055038,            0.088133,             0.02312,             0.92074,             0.93068,             0.96011,              0.6085,            0.025983,            0.016053,           0.0038757,            0.092332,            0.020112,           0.0088637,           0.0088637,           0.0088637
                 125,            0.035735,             0.01952,           0.0055639,            0.088387,            0.023366,             0.93312,             0.93494,             0.96106,             0.61118,            0.025732,            0.015841,           0.0036488,            0.091927,            0.019833,           0.0088461,           0.0088461,           0.0088461
                 126,            0.035544,            0.019364,           0.0056942,            0.087667,            0.023477,             0.93113,             0.93032,             0.96198,             0.60785,            0.025505,             0.01589,           0.0036637,             0.09245,            0.020436,           0.0088284,           0.0088284,           0.0088284
                 127,            0.035963,            0.019269,           0.0054681,             0.08771,            0.023309,             0.93521,             0.92906,             0.96185,             0.60142,            0.025754,            0.015955,           0.0034238,            0.092589,            0.020833,           0.0088106,           0.0088106,           0.0088106
                 128,            0.035783,            0.019301,            0.005287,            0.087812,            0.023168,              0.9356,             0.92421,              0.9602,             0.60667,            0.025648,            0.015871,           0.0031806,            0.091981,            0.020379,           0.0087927,           0.0087927,           0.0087927
                 129,            0.035992,            0.019258,           0.0054631,            0.087302,            0.023503,             0.93105,             0.93473,              0.9642,             0.61089,             0.02568,            0.015762,           0.0028681,             0.09147,            0.020004,           0.0087746,           0.0087746,           0.0087746
                 130,            0.035558,            0.019329,           0.0056732,            0.088025,            0.023664,             0.94397,             0.92252,             0.96606,             0.61181,            0.025434,            0.015829,           0.0029451,             0.09107,            0.019703,           0.0087565,           0.0087565,           0.0087565
                 131,            0.035954,            0.018876,           0.0057451,             0.08776,            0.023014,             0.93848,             0.92099,             0.96171,             0.61119,            0.025599,            0.015865,           0.0032599,            0.090607,            0.019836,           0.0087382,           0.0087382,           0.0087382
                 132,            0.035433,            0.018851,           0.0055146,            0.087475,            0.023901,             0.91162,              0.9405,             0.96083,             0.61068,            0.025413,            0.015776,           0.0036905,             0.09009,            0.019859,           0.0087198,           0.0087198,           0.0087198
                 133,            0.035784,            0.019751,           0.0056228,            0.087325,            0.023144,             0.93359,             0.94097,             0.95999,             0.61227,            0.025293,             0.01562,           0.0037079,            0.090577,            0.019886,           0.0087013,           0.0087013,           0.0087013
                 134,            0.035436,            0.019257,           0.0054315,            0.087414,            0.023206,             0.93037,              0.9379,             0.95728,             0.61285,            0.025194,            0.015592,           0.0035654,             0.09103,             0.01982,           0.0086827,           0.0086827,           0.0086827
                 135,            0.035506,            0.018806,           0.0049776,            0.085874,               0.023,             0.92898,             0.93603,             0.95886,             0.61006,            0.025318,            0.015824,           0.0035056,             0.09143,            0.020211,            0.008664,            0.008664,            0.008664
                 136,            0.035506,            0.019128,           0.0055177,            0.086212,            0.022921,             0.93944,             0.92454,             0.96004,             0.61137,            0.025344,            0.015773,           0.0033099,            0.091692,            0.020002,           0.0086452,           0.0086452,           0.0086452
                 137,            0.035417,            0.019527,             0.00585,            0.087334,            0.023485,             0.94534,              0.9212,             0.95696,             0.60625,             0.02553,            0.015739,           0.0032855,            0.091623,            0.020393,           0.0086263,           0.0086263,           0.0086263
                 138,             0.03528,            0.018863,           0.0050167,            0.085805,            0.022891,             0.93925,              0.9249,             0.95921,             0.61557,            0.025409,            0.015794,           0.0036716,            0.091486,            0.020417,           0.0086073,           0.0086073,           0.0086073
                 139,            0.035312,            0.019457,           0.0056029,            0.087221,            0.023705,             0.93934,             0.93519,             0.96218,             0.61435,            0.025402,            0.015693,           0.0037771,            0.091673,            0.020179,           0.0085882,           0.0085882,           0.0085882
                 140,            0.035252,            0.019098,           0.0056646,            0.086257,             0.02297,             0.93791,             0.92835,               0.962,              0.6163,            0.025332,            0.015614,           0.0036628,            0.091525,            0.019911,            0.008569,            0.008569,            0.008569
                 141,             0.03531,            0.019268,           0.0053391,            0.086463,            0.023126,             0.93396,             0.93456,              0.9611,             0.61953,            0.025143,             0.01567,           0.0036196,            0.091489,            0.019948,           0.0085497,           0.0085497,           0.0085497
                 142,            0.035289,             0.01902,           0.0053248,            0.085953,            0.023097,             0.94481,              0.9226,             0.96159,              0.6172,            0.025098,             0.01568,           0.0036706,            0.091235,            0.020038,           0.0085303,           0.0085303,           0.0085303
                 143,            0.035102,            0.018762,           0.0053158,            0.086079,            0.023042,             0.95119,             0.92043,             0.96224,             0.61481,            0.025073,             0.01566,           0.0036015,            0.091038,            0.020007,           0.0085108,           0.0085108,           0.0085108
                 144,            0.034995,            0.018684,           0.0052609,            0.085672,            0.022698,             0.94759,              0.9194,             0.96196,             0.61131,            0.025149,            0.015638,           0.0036064,            0.091664,            0.019878,           0.0084912,           0.0084912,           0.0084912
                 145,            0.035215,            0.019314,           0.0053955,            0.086663,             0.02341,             0.94832,             0.91651,             0.95858,             0.60601,            0.025287,            0.015742,           0.0039931,            0.092104,            0.019842,           0.0084714,           0.0084714,           0.0084714
                 146,            0.035032,            0.019344,           0.0056233,            0.086308,            0.022997,             0.95139,             0.92253,             0.95918,             0.60373,            0.025377,             0.01587,           0.0039016,            0.091985,             0.01996,           0.0084516,           0.0084516,           0.0084516
                 147,            0.034865,            0.018801,           0.0056217,            0.085726,            0.023035,             0.94811,             0.92897,             0.96193,             0.60225,            0.025433,            0.015913,           0.0039609,            0.091985,            0.019934,           0.0084317,           0.0084317,           0.0084317
                 148,            0.035244,            0.019227,           0.0053053,            0.085017,            0.022984,             0.95541,             0.91653,             0.95894,             0.60484,            0.025278,            0.015857,           0.0037254,            0.091914,            0.019885,           0.0084117,           0.0084117,           0.0084117
                 149,            0.035183,            0.018794,           0.0053366,            0.084396,            0.022405,             0.94664,              0.9253,             0.96326,             0.60909,            0.025305,             0.01586,           0.0034509,            0.091682,            0.019663,           0.0083916,           0.0083916,           0.0083916
                 150,            0.034438,            0.018662,           0.0050733,             0.08452,            0.022679,             0.94807,             0.92442,             0.96263,             0.61271,            0.025219,            0.015871,             0.00331,            0.091553,            0.019915,           0.0083714,           0.0083714,           0.0083714
                 151,            0.034644,              0.0186,           0.0052117,            0.085294,            0.022928,             0.94523,              0.9203,             0.96026,             0.61636,            0.025245,             0.01583,           0.0033725,            0.091889,            0.019976,           0.0083511,           0.0083511,           0.0083511
                 152,            0.034849,            0.019118,           0.0051468,             0.08485,            0.022643,             0.93601,             0.93545,             0.96336,             0.61744,             0.02518,            0.015776,           0.0033188,            0.092352,            0.019961,           0.0083308,           0.0083308,           0.0083308
                 153,            0.034991,            0.018634,           0.0050261,             0.08473,            0.022256,             0.93881,             0.91829,             0.96284,             0.62105,            0.025087,            0.015756,           0.0033625,            0.092168,            0.019866,           0.0083103,           0.0083103,           0.0083103
                 154,             0.03472,            0.018656,           0.0056338,            0.085355,            0.022604,             0.94765,             0.91502,             0.96295,             0.62151,            0.025092,             0.01575,           0.0031304,            0.092557,            0.020064,           0.0082897,           0.0082897,           0.0082897
                 155,            0.034714,            0.018681,           0.0050703,             0.08507,            0.022658,             0.92767,             0.94943,              0.9679,             0.62096,            0.025037,            0.015796,           0.0030984,            0.092288,            0.020188,           0.0082691,           0.0082691,           0.0082691
                 156,            0.034771,            0.019057,           0.0054526,            0.085089,            0.023007,              0.9521,             0.92863,               0.968,             0.61895,            0.025011,            0.015774,           0.0029589,             0.09181,            0.020258,           0.0082483,           0.0082483,           0.0082483
                 157,            0.034644,              0.0187,           0.0046735,            0.083139,            0.021962,             0.94011,             0.94709,             0.96547,             0.61977,            0.024957,            0.015752,           0.0030545,             0.09144,            0.020007,           0.0082275,           0.0082275,           0.0082275
                 158,            0.034504,            0.018765,           0.0047481,            0.083607,            0.022745,             0.94732,             0.93413,             0.96398,             0.62104,            0.024792,             0.01569,           0.0031437,            0.091255,            0.019913,           0.0082066,           0.0082066,           0.0082066
                 159,             0.03427,            0.018471,           0.0046694,            0.083013,            0.021576,             0.93205,              0.9425,             0.96114,              0.6177,            0.024904,            0.015782,            0.003127,            0.091447,            0.019818,           0.0081856,           0.0081856,           0.0081856
                 160,            0.034591,            0.018242,           0.0048834,            0.083967,            0.022374,             0.93741,             0.93743,             0.95916,              0.6157,            0.024982,            0.015807,            0.003034,            0.091354,            0.019871,           0.0081645,           0.0081645,           0.0081645
                 161,            0.034806,            0.018777,           0.0050925,             0.08358,            0.022203,             0.93454,              0.9366,             0.96337,             0.62215,            0.024787,            0.015779,           0.0029803,            0.091394,            0.019786,           0.0081433,           0.0081433,           0.0081433
                 162,            0.034652,            0.018906,           0.0053442,            0.083756,             0.02264,              0.9386,             0.94287,             0.96644,             0.62479,            0.024553,            0.015697,           0.0027364,            0.091041,            0.019754,            0.008122,            0.008122,            0.008122
                 163,            0.034121,            0.018259,           0.0050804,            0.082829,            0.021854,             0.93518,              0.9438,             0.96485,             0.62329,             0.02458,            0.015637,           0.0027395,            0.090932,            0.019677,           0.0081007,           0.0081007,           0.0081007
                 164,            0.034175,            0.018635,           0.0046217,            0.083154,            0.021696,             0.94602,               0.942,             0.96884,             0.62253,            0.024567,            0.015573,           0.0028045,            0.091078,             0.01962,           0.0080793,           0.0080793,           0.0080793
                 165,            0.033849,            0.018749,            0.004972,            0.082944,            0.021965,             0.94137,              0.9386,             0.96511,             0.62542,             0.02451,            0.015612,           0.0027805,            0.090988,            0.019433,           0.0080578,           0.0080578,           0.0080578
                 166,            0.034118,            0.018515,           0.0050537,            0.083403,            0.022152,             0.94066,             0.93221,             0.96269,             0.62489,             0.02451,            0.015612,           0.0027788,            0.090942,            0.019541,           0.0080362,           0.0080362,           0.0080362
                 167,            0.033911,            0.018382,           0.0053243,            0.083513,            0.022021,             0.93777,             0.94513,             0.96357,             0.62341,            0.024479,            0.015566,           0.0028864,            0.091027,            0.019339,           0.0080145,           0.0080145,           0.0080145
                 168,            0.033995,              0.0185,           0.0047118,            0.082248,            0.021876,             0.93037,              0.9401,             0.96015,             0.62036,            0.024516,            0.015533,           0.0029257,            0.090989,            0.019594,           0.0079927,           0.0079927,           0.0079927
                 169,            0.034208,            0.018491,           0.0050016,            0.083345,            0.022029,             0.93352,             0.93971,             0.96259,             0.62509,            0.024556,            0.015494,            0.002997,            0.091035,            0.019707,           0.0079709,           0.0079709,           0.0079709
                 170,            0.033875,            0.018422,           0.0049303,            0.082627,            0.021453,             0.93399,             0.93678,              0.9636,             0.62717,            0.024534,             0.01555,           0.0032005,            0.090973,            0.019658,            0.007949,            0.007949,            0.007949
                 171,            0.033784,            0.018612,            0.004916,            0.083208,            0.021716,             0.93401,             0.93961,              0.9638,             0.62621,             0.02445,             0.01555,           0.0032224,            0.090941,            0.019595,            0.007927,            0.007927,            0.007927
                 172,            0.034126,            0.018451,           0.0048553,            0.082525,             0.02163,              0.9368,             0.93391,             0.96342,             0.62632,            0.024467,            0.015577,           0.0032853,            0.091214,            0.019694,            0.007905,            0.007905,            0.007905
                 173,            0.033838,            0.018931,           0.0051194,            0.083126,            0.021563,             0.93437,             0.93769,             0.96429,             0.62753,            0.024527,            0.015564,           0.0031915,            0.091494,            0.019761,           0.0078828,           0.0078828,           0.0078828
                 174,            0.034194,            0.018348,           0.0050047,            0.082213,            0.021399,             0.93453,             0.94285,             0.96327,             0.62938,            0.024533,            0.015527,           0.0029799,            0.091555,            0.019714,           0.0078606,           0.0078606,           0.0078606
                 175,            0.033873,            0.018569,           0.0050517,            0.082606,            0.021531,             0.93762,              0.9423,             0.96337,             0.63152,            0.024564,            0.015529,            0.003011,            0.091852,            0.019575,           0.0078383,           0.0078383,           0.0078383
                 176,            0.033846,            0.018275,           0.0048642,            0.082805,              0.0213,             0.94241,             0.94228,             0.96406,              0.6325,            0.024566,            0.015518,           0.0029915,            0.091983,            0.019589,            0.007816,            0.007816,            0.007816
                 177,            0.033968,            0.018213,           0.0047969,            0.081991,            0.021201,             0.94252,             0.94321,             0.96495,             0.63099,            0.024541,            0.015543,           0.0029647,            0.091825,            0.019443,           0.0077935,           0.0077935,           0.0077935
                 178,            0.033705,            0.018199,           0.0048501,            0.081811,            0.021143,             0.94278,             0.94046,             0.96525,             0.62873,            0.024459,            0.015523,           0.0029433,            0.091482,             0.01936,            0.007771,            0.007771,            0.007771
                 179,            0.033751,            0.018437,           0.0048741,            0.082125,             0.02138,             0.94412,             0.93793,             0.96535,             0.63061,            0.024512,            0.015501,           0.0029938,            0.091448,            0.019297,           0.0077485,           0.0077485,           0.0077485
                 180,            0.033824,            0.018538,           0.0049569,            0.081743,            0.020743,             0.94243,             0.94005,              0.9652,             0.63202,            0.024528,            0.015473,           0.0031044,            0.091413,            0.019232,           0.0077258,           0.0077258,           0.0077258
                 181,            0.033638,            0.018336,           0.0048392,            0.081893,            0.020995,             0.94567,             0.93964,             0.96378,             0.62493,            0.024546,             0.01551,            0.003262,            0.091341,            0.019282,           0.0077031,           0.0077031,           0.0077031
                 182,            0.033092,            0.018091,           0.0049949,            0.081735,            0.020711,             0.93678,              0.9432,             0.96159,             0.62339,            0.024538,            0.015519,           0.0033765,            0.091323,            0.019298,           0.0076803,           0.0076803,           0.0076803
                 183,            0.033211,            0.017968,            0.004305,            0.081007,            0.020589,             0.93099,             0.94964,              0.9619,             0.62028,            0.024524,             0.01553,           0.0033942,            0.091394,            0.019264,           0.0076575,           0.0076575,           0.0076575
                 184,            0.033125,            0.017704,           0.0044913,            0.080563,            0.020754,             0.93891,             0.94205,             0.96229,             0.62185,            0.024488,            0.015546,           0.0033348,            0.091647,             0.01934,           0.0076346,           0.0076346,           0.0076346
                 185,            0.033105,             0.01793,            0.004503,            0.081117,            0.020763,             0.94332,              0.9285,             0.96001,             0.62407,            0.024434,             0.01555,           0.0033934,            0.091681,            0.019348,           0.0076116,           0.0076116,           0.0076116
                 186,            0.033229,            0.018152,           0.0047167,            0.080748,             0.02094,             0.93891,             0.93021,             0.96023,              0.6229,            0.024446,            0.015596,           0.0035061,            0.091579,            0.019361,           0.0075886,           0.0075886,           0.0075886
                 187,            0.033632,            0.018419,           0.0049344,            0.081402,            0.020327,             0.93443,             0.93046,             0.96152,             0.62184,            0.024398,            0.015599,           0.0035941,             0.09153,            0.019332,           0.0075655,           0.0075655,           0.0075655
                 188,            0.033386,            0.018378,           0.0045121,            0.080461,            0.020309,              0.9395,             0.92906,             0.96343,             0.62408,             0.02438,            0.015616,           0.0035775,            0.091579,            0.019393,           0.0075423,           0.0075423,           0.0075423
                 189,            0.033362,            0.018161,           0.0042015,            0.080448,            0.020347,             0.93208,              0.9316,             0.96259,             0.62139,            0.024438,             0.01561,           0.0035238,            0.091755,            0.019467,           0.0075191,           0.0075191,           0.0075191
                 190,            0.033414,             0.01789,           0.0046557,            0.080383,            0.020146,             0.91897,             0.94538,             0.96222,             0.62404,            0.024447,            0.015603,           0.0034898,            0.091812,            0.019358,           0.0074958,           0.0074958,           0.0074958
                 191,               0.033,            0.017927,            0.004532,            0.080531,            0.019738,             0.93466,             0.93095,             0.96133,             0.62327,            0.024464,            0.015582,           0.0034536,            0.092037,            0.019352,           0.0074725,           0.0074725,           0.0074725
                 192,            0.033117,            0.017962,           0.0045418,            0.079913,             0.01999,             0.92269,               0.944,             0.96311,             0.62227,            0.024491,            0.015585,           0.0034731,            0.092189,            0.019259,           0.0074491,           0.0074491,           0.0074491
                 193,            0.033166,            0.018137,           0.0046005,            0.080844,            0.019987,             0.93182,             0.93312,              0.9625,             0.62401,            0.024499,            0.015577,           0.0033426,            0.092245,            0.019158,           0.0074256,           0.0074256,           0.0074256
                 194,            0.033488,            0.018282,           0.0047579,            0.080385,            0.019875,             0.94173,             0.92331,             0.96277,             0.62328,            0.024522,            0.015588,            0.003347,            0.092249,             0.01903,           0.0074021,           0.0074021,           0.0074021
                 195,            0.032934,            0.018086,           0.0047863,            0.080391,            0.019775,             0.93433,              0.9372,             0.96307,             0.62226,             0.02451,            0.015589,           0.0033836,            0.092057,            0.019043,           0.0073786,           0.0073786,           0.0073786
                 196,            0.032972,            0.017954,           0.0043579,            0.079756,            0.019408,              0.9311,             0.93865,             0.96325,             0.62265,            0.024523,            0.015611,           0.0033684,            0.091966,            0.019062,            0.007355,            0.007355,            0.007355
                 197,            0.032631,             0.01795,           0.0044958,            0.080291,            0.019478,             0.93632,             0.93048,              0.9627,             0.62293,            0.024493,            0.015611,           0.0032992,             0.09191,            0.018968,           0.0073313,           0.0073313,           0.0073313
                 198,            0.033297,            0.017927,           0.0044546,            0.080378,            0.019814,             0.94445,             0.92875,             0.96401,             0.62346,            0.024496,            0.015603,           0.0032256,            0.091994,            0.018838,           0.0073076,           0.0073076,           0.0073076
                 199,            0.033092,             0.01783,           0.0043638,             0.07976,            0.018982,             0.94711,             0.92443,             0.96387,             0.62209,            0.024492,            0.015589,           0.0032449,            0.092066,            0.018776,           0.0072838,           0.0072838,           0.0072838
                 200,            0.032996,             0.01812,            0.004681,             0.08062,            0.019828,             0.94217,             0.93008,             0.96468,             0.62307,            0.024454,            0.015569,           0.0031908,            0.092046,            0.018691,           0.0072599,           0.0072599,           0.0072599
                 201,            0.033255,            0.017993,           0.0048139,            0.079686,            0.018941,             0.94171,             0.93522,             0.96752,              0.6265,            0.024439,            0.015568,            0.003183,            0.091975,            0.018661,           0.0072361,           0.0072361,           0.0072361
                 202,            0.032934,            0.017747,           0.0049082,            0.080159,            0.019164,             0.92935,             0.94434,             0.96639,             0.62478,            0.024423,            0.015558,           0.0031973,            0.091947,            0.018552,           0.0072121,           0.0072121,           0.0072121
                 203,            0.032753,            0.018002,           0.0044217,            0.080003,            0.019223,             0.93707,             0.94517,             0.96675,             0.62474,            0.024427,            0.015546,            0.003197,            0.092023,            0.018485,           0.0071882,           0.0071882,           0.0071882
                 204,             0.03252,            0.017571,           0.0044072,            0.079984,            0.018721,             0.93668,             0.94384,             0.96735,             0.62673,            0.024393,             0.01552,           0.0032514,            0.091882,             0.01848,           0.0071641,           0.0071641,           0.0071641
                 205,            0.032723,            0.018454,           0.0047393,            0.079979,            0.018994,             0.93605,             0.94319,             0.96639,             0.62535,            0.024391,            0.015516,           0.0032854,            0.091859,            0.018428,           0.0071401,           0.0071401,           0.0071401
                 206,            0.032647,            0.017919,           0.0044978,            0.079543,            0.019212,             0.94492,             0.94242,              0.9696,              0.6263,            0.024384,            0.015518,           0.0032616,            0.091869,            0.018377,            0.007116,            0.007116,            0.007116
                 207,            0.032625,            0.017758,           0.0046389,            0.079151,            0.018244,             0.94693,             0.94312,             0.96932,             0.62408,            0.024373,            0.015511,            0.003257,             0.09185,            0.018346,           0.0070918,           0.0070918,           0.0070918
                 208,            0.032334,            0.017639,           0.0043066,            0.079257,             0.01855,             0.93848,             0.94525,             0.96669,             0.62466,            0.024357,            0.015517,           0.0032519,            0.091856,             0.01824,           0.0070676,           0.0070676,           0.0070676
                 209,            0.032866,            0.018217,            0.004701,            0.079198,            0.018782,             0.94594,             0.94198,             0.96854,             0.62523,            0.024363,            0.015539,           0.0032609,            0.091779,            0.018167,           0.0070434,           0.0070434,           0.0070434
                 210,            0.032547,            0.017976,           0.0046997,            0.079711,            0.018854,             0.94326,             0.94219,             0.96811,             0.62645,            0.024347,            0.015552,           0.0032546,            0.091724,             0.01815,           0.0070191,           0.0070191,           0.0070191
                 211,            0.032358,            0.017753,           0.0045857,            0.079241,            0.018094,             0.93812,             0.94699,             0.96823,              0.6277,            0.024333,            0.015559,           0.0032947,            0.091845,             0.01813,           0.0069948,           0.0069948,           0.0069948
                 212,            0.032226,            0.017467,            0.004467,            0.079311,            0.018835,             0.93573,             0.95109,             0.96852,             0.62963,             0.02435,            0.015558,           0.0033264,            0.091864,             0.01811,           0.0069704,           0.0069704,           0.0069704
                 213,            0.032641,            0.017786,           0.0044115,            0.078551,            0.017822,             0.94644,             0.93998,              0.9685,             0.62951,            0.024333,            0.015551,           0.0033238,            0.091791,             0.01804,            0.006946,            0.006946,            0.006946
                 214,              0.0321,            0.018117,           0.0044359,             0.07937,            0.018168,             0.93711,              0.9507,             0.96736,             0.62956,            0.024315,            0.015524,           0.0033243,            0.091718,            0.018011,           0.0069216,           0.0069216,           0.0069216
                 215,              0.0322,            0.017493,           0.0042762,            0.078425,            0.017897,             0.93848,             0.95004,             0.96914,             0.63117,            0.024281,            0.015503,           0.0033007,            0.091604,             0.01792,           0.0068971,           0.0068971,           0.0068971
                 216,            0.032506,            0.017955,           0.0046618,            0.078757,            0.018018,             0.93989,             0.95014,             0.96889,             0.62923,             0.02427,            0.015491,           0.0033034,            0.091599,            0.017898,           0.0068726,           0.0068726,           0.0068726
                 217,            0.032508,            0.017675,           0.0045427,            0.079011,            0.017602,              0.9379,             0.94677,             0.96599,             0.62935,            0.024272,            0.015497,           0.0032793,            0.091692,            0.017868,            0.006848,            0.006848,            0.006848
                 218,            0.031941,            0.017491,           0.0044753,            0.078598,             0.01766,             0.93989,             0.94381,              0.9666,             0.63159,            0.024282,             0.01549,           0.0032483,              0.0917,            0.017866,           0.0068235,           0.0068235,           0.0068235
                 219,            0.032251,            0.017774,           0.0043214,            0.077984,            0.017294,             0.93381,               0.943,             0.96491,             0.62998,              0.0243,             0.01549,           0.0032193,            0.091794,            0.017889,           0.0067988,           0.0067988,           0.0067988
                 220,            0.032109,            0.017311,           0.0039348,            0.077868,            0.017267,             0.92869,             0.95003,             0.96514,             0.63043,            0.024297,            0.015491,           0.0031784,            0.091837,             0.01786,           0.0067742,           0.0067742,           0.0067742
                 221,            0.031961,            0.018072,           0.0044237,            0.078272,            0.017428,             0.93087,               0.951,             0.96527,             0.62859,            0.024282,            0.015492,           0.0031303,            0.091879,            0.017807,           0.0067495,           0.0067495,           0.0067495
                 222,            0.032116,             0.01736,           0.0040502,            0.078265,            0.017166,             0.94404,             0.93776,             0.96578,             0.62872,            0.024267,            0.015499,           0.0031439,            0.091881,            0.017759,           0.0067248,           0.0067248,           0.0067248
                 223,            0.032186,            0.017633,           0.0043027,            0.078222,            0.016993,              0.9374,             0.94004,             0.96515,             0.62901,            0.024266,            0.015506,           0.0031928,            0.091871,            0.017702,           0.0067001,           0.0067001,           0.0067001
                 224,            0.031806,             0.01759,           0.0039619,            0.077577,            0.016699,             0.93726,             0.93855,             0.96326,             0.62722,            0.024282,            0.015521,           0.0032305,            0.091931,            0.017666,           0.0066753,           0.0066753,           0.0066753
                 225,            0.031672,            0.017651,           0.0043313,             0.07787,            0.017094,             0.93491,             0.94431,             0.96409,             0.62833,            0.024299,             0.01553,           0.0032649,            0.091901,              0.0176,           0.0066505,           0.0066505,           0.0066505
                 226,            0.032107,            0.017721,            0.004251,            0.077092,            0.016509,             0.93396,             0.94428,             0.96373,              0.6276,              0.0243,            0.015534,           0.0033279,            0.091865,            0.017556,           0.0066257,           0.0066257,           0.0066257
                 227,            0.031594,            0.018126,           0.0041328,            0.077486,            0.016806,             0.93035,             0.94347,             0.96264,             0.62801,            0.024299,            0.015545,           0.0033524,            0.091892,            0.017521,           0.0066009,           0.0066009,           0.0066009
                 228,            0.031742,             0.01741,           0.0042408,            0.077847,            0.016458,              0.9344,               0.943,              0.9635,             0.62762,            0.024279,            0.015547,           0.0033782,             0.09185,            0.017482,            0.006576,            0.006576,            0.006576
                 229,            0.031748,            0.017244,           0.0043389,            0.077242,            0.016771,             0.92964,             0.94411,             0.96263,             0.62831,            0.024262,            0.015546,           0.0034124,            0.091789,            0.017497,           0.0065512,           0.0065512,           0.0065512
                 230,            0.031822,            0.017433,           0.0042156,            0.077842,            0.016586,             0.92904,             0.94491,             0.96264,             0.62857,            0.024251,            0.015541,           0.0033923,            0.091734,            0.017476,           0.0065263,           0.0065263,           0.0065263
                 231,            0.031497,            0.017683,            0.004499,            0.077354,            0.016695,             0.92754,             0.94898,             0.96371,             0.62757,            0.024243,            0.015544,           0.0034024,            0.091684,            0.017472,           0.0065013,           0.0065013,           0.0065013
                 232,            0.031941,            0.017479,           0.0042099,            0.077908,            0.015984,             0.93164,             0.94357,              0.9631,             0.62916,            0.024222,             0.01554,           0.0034314,            0.091652,            0.017463,           0.0064764,           0.0064764,           0.0064764
                 233,            0.031669,            0.017834,           0.0045107,            0.077994,            0.016667,              0.9303,             0.94523,             0.96347,             0.62893,            0.024209,            0.015537,           0.0034389,            0.091609,            0.017466,           0.0064514,           0.0064514,           0.0064514
                 234,            0.031392,            0.017499,           0.0041849,             0.07723,            0.016415,             0.93718,              0.9379,             0.96334,             0.62887,            0.024187,            0.015525,           0.0034909,             0.09154,            0.017491,           0.0064264,           0.0064264,           0.0064264
                 235,            0.031383,            0.017383,           0.0040585,            0.076307,            0.016093,             0.94129,             0.93668,             0.96361,             0.63047,             0.02417,            0.015517,           0.0035397,            0.091462,            0.017486,           0.0064014,           0.0064014,           0.0064014
                 236,            0.031593,            0.017406,           0.0040385,            0.076289,            0.015897,             0.93023,             0.94515,             0.96365,             0.63091,            0.024162,            0.015512,           0.0035507,            0.091391,            0.017519,           0.0063764,           0.0063764,           0.0063764
                 237,            0.031893,             0.01786,           0.0042665,            0.077054,            0.016236,             0.93946,             0.93747,              0.9634,             0.63115,            0.024157,            0.015511,           0.0035753,            0.091382,            0.017517,           0.0063514,           0.0063514,           0.0063514
                 238,            0.031316,            0.017596,           0.0043215,            0.076762,            0.015942,             0.94082,             0.93879,             0.96317,              0.6304,             0.02415,            0.015514,           0.0035835,            0.091319,            0.017525,           0.0063264,           0.0063264,           0.0063264
                 239,            0.031374,             0.01751,           0.0041189,            0.076571,            0.015845,             0.94189,             0.93615,             0.96191,             0.63053,            0.024137,            0.015512,           0.0036098,            0.091264,            0.017522,           0.0063013,           0.0063013,           0.0063013
                 240,            0.031015,            0.017214,           0.0037534,            0.076857,            0.015297,             0.93852,             0.94139,             0.96322,             0.63122,            0.024127,            0.015509,           0.0036398,            0.091213,            0.017517,           0.0062762,           0.0062762,           0.0062762
                 241,             0.03159,            0.017278,           0.0045384,            0.077394,            0.016213,             0.93954,             0.93644,             0.96204,             0.62942,            0.024123,            0.015499,           0.0036417,            0.091189,            0.017522,           0.0062512,           0.0062512,           0.0062512
                 242,            0.031121,            0.017396,           0.0039615,            0.076213,            0.015434,             0.94196,             0.93766,             0.96379,             0.62955,            0.024118,             0.01549,           0.0036419,            0.091175,            0.017491,           0.0062261,           0.0062261,           0.0062261
                 243,            0.031203,            0.017352,           0.0042827,            0.076815,            0.015225,             0.94262,             0.93493,             0.96337,             0.63136,            0.024121,            0.015492,           0.0036945,            0.091174,            0.017466,            0.006201,            0.006201,            0.006201
                 244,            0.031281,            0.017316,           0.0043901,            0.076918,             0.01578,             0.94264,             0.93744,             0.96201,             0.63087,            0.024128,            0.015491,           0.0037054,            0.091221,            0.017459,           0.0061759,           0.0061759,           0.0061759
                 245,            0.031339,            0.017506,           0.0041307,            0.076634,            0.015729,             0.94236,             0.93919,             0.96303,             0.63232,            0.024126,             0.01549,           0.0036958,             0.09125,            0.017425,           0.0061508,           0.0061508,           0.0061508
                 246,            0.031666,             0.01726,           0.0040938,            0.075994,            0.015315,             0.93965,             0.93917,             0.96207,             0.63101,            0.024123,            0.015491,           0.0036976,            0.091279,            0.017394,           0.0061256,           0.0061256,           0.0061256
                 247,            0.031203,            0.017226,           0.0041644,            0.075763,            0.015206,             0.94216,             0.93905,             0.96479,             0.63245,            0.024117,             0.01549,           0.0037025,            0.091285,            0.017386,           0.0061005,           0.0061005,           0.0061005
                 248,            0.030917,            0.017066,           0.0037696,            0.075082,             0.01456,             0.93979,             0.93904,             0.96503,             0.63219,            0.024111,            0.015489,           0.0037032,            0.091279,            0.017366,           0.0060754,           0.0060754,           0.0060754
                 249,            0.030885,            0.017048,           0.0038383,            0.075784,            0.014573,             0.94191,              0.9401,             0.96558,             0.63222,            0.024103,            0.015487,           0.0036915,             0.09127,            0.017344,           0.0060503,           0.0060503,           0.0060503
                 250,            0.030681,            0.016819,           0.0037692,            0.075505,            0.014629,             0.94148,             0.93861,             0.96616,             0.63264,            0.024098,            0.015487,           0.0036671,            0.091276,            0.017337,           0.0060251,           0.0060251,           0.0060251
                 251,            0.031046,            0.017139,           0.0039685,            0.076298,            0.014685,             0.93442,             0.94266,             0.96613,             0.63217,            0.024087,            0.015486,           0.0036353,            0.091282,            0.017322,               0.006,               0.006,               0.006
                 252,            0.030698,             0.01728,           0.0042172,            0.075379,            0.014444,             0.93683,             0.94277,             0.96659,             0.63262,            0.024082,            0.015485,           0.0036115,            0.091311,            0.017303,           0.0059749,           0.0059749,           0.0059749
                 253,            0.030847,            0.017315,           0.0040276,            0.075691,            0.014287,             0.93708,             0.94309,             0.96612,             0.63297,            0.024073,            0.015486,           0.0036106,            0.091337,            0.017298,           0.0059497,           0.0059497,           0.0059497
                 254,            0.030862,            0.016779,           0.0036567,            0.075074,            0.014465,             0.94002,             0.94014,             0.96585,             0.63342,            0.024067,            0.015486,           0.0036037,            0.091357,            0.017302,           0.0059246,           0.0059246,           0.0059246
                 255,            0.030626,            0.017102,           0.0038113,            0.075554,            0.014603,             0.93751,             0.94123,             0.96577,             0.63311,            0.024064,            0.015483,           0.0035881,            0.091399,            0.017305,           0.0058995,           0.0058995,           0.0058995
                 256,            0.030763,             0.01733,           0.0040974,            0.075553,            0.014572,             0.93891,             0.93703,             0.96431,             0.63214,            0.024056,            0.015485,           0.0036042,            0.091429,            0.017324,           0.0058744,           0.0058744,           0.0058744
                 257,            0.030858,             0.01685,           0.0039323,            0.075496,            0.014051,             0.94412,             0.93681,             0.96556,              0.6327,             0.02405,            0.015488,           0.0036109,            0.091461,            0.017343,           0.0058492,           0.0058492,           0.0058492
                 258,            0.030677,            0.017214,           0.0040518,            0.075372,            0.014335,             0.94255,             0.93692,             0.96551,             0.63275,            0.024051,            0.015493,           0.0036095,             0.09152,            0.017359,           0.0058241,           0.0058241,           0.0058241
                 259,             0.03057,            0.017121,           0.0038951,             0.07522,            0.014314,             0.94181,              0.9385,             0.96573,             0.63292,            0.024047,            0.015493,           0.0035838,             0.09157,            0.017369,            0.005799,            0.005799,            0.005799
                 260,            0.030525,            0.016789,           0.0036466,            0.074586,            0.013899,             0.94282,             0.93449,             0.96516,             0.63207,            0.024042,            0.015494,            0.003551,            0.091599,            0.017354,           0.0057739,           0.0057739,           0.0057739
                 261,            0.030811,            0.017081,           0.0042454,            0.075448,            0.014306,             0.94588,             0.93502,             0.96613,             0.63248,            0.024041,            0.015493,           0.0035163,            0.091619,             0.01735,           0.0057488,           0.0057488,           0.0057488
                 262,            0.030855,             0.01706,           0.0042344,            0.075325,            0.014364,             0.94287,             0.93487,             0.96498,             0.63164,             0.02403,            0.015489,           0.0034961,            0.091644,            0.017347,           0.0057238,           0.0057238,           0.0057238
                 263,            0.030438,            0.017234,           0.0039587,            0.074539,            0.013958,             0.94787,             0.93443,             0.96644,             0.63285,            0.024021,            0.015485,            0.003476,            0.091675,            0.017364,           0.0056987,           0.0056987,           0.0056987
                 264,            0.030467,            0.017485,           0.0039825,            0.075154,            0.014031,             0.94822,             0.93453,             0.96642,             0.63192,            0.024012,            0.015478,           0.0034594,            0.091701,            0.017361,           0.0056736,           0.0056736,           0.0056736
                 265,            0.030291,            0.016764,           0.0035852,            0.074167,            0.013572,             0.94971,             0.93441,             0.96634,             0.63189,            0.024009,            0.015478,           0.0034368,            0.091736,            0.017355,           0.0056486,           0.0056486,           0.0056486
                 266,              0.0307,            0.017343,           0.0041039,            0.075164,            0.013956,             0.94851,             0.93456,             0.96577,             0.63178,            0.023998,            0.015476,           0.0034314,            0.091767,             0.01735,           0.0056236,           0.0056236,           0.0056236
                 267,            0.030403,            0.016912,           0.0041312,            0.075349,            0.013954,             0.94394,             0.93427,             0.96431,             0.63181,            0.023986,            0.015473,           0.0034107,            0.091781,            0.017349,           0.0055986,           0.0055986,           0.0055986
                 268,            0.030165,            0.017091,           0.0038101,             0.07481,            0.013604,             0.93996,             0.93856,             0.96396,              0.6305,            0.023977,             0.01547,           0.0033947,            0.091773,            0.017331,           0.0055736,           0.0055736,           0.0055736
                 269,            0.029954,            0.016903,           0.0038954,            0.074383,            0.013135,             0.94321,             0.93857,             0.96564,             0.63119,            0.023976,            0.015466,            0.003401,            0.091795,            0.017317,           0.0055486,           0.0055486,           0.0055486
                 270,            0.030026,            0.016777,           0.0039322,            0.074989,            0.013681,              0.9393,             0.93799,              0.9639,              0.6306,            0.023971,            0.015466,           0.0033976,            0.091818,            0.017338,           0.0055236,           0.0055236,           0.0055236
                 271,            0.030025,             0.01668,           0.0035492,            0.073831,            0.013078,             0.94119,             0.93809,             0.96396,             0.62932,            0.023963,            0.015463,            0.003393,            0.091825,            0.017363,           0.0054987,           0.0054987,           0.0054987
                 272,            0.030045,            0.016835,           0.0035455,            0.073924,            0.012891,             0.94049,             0.93711,             0.96228,             0.62815,            0.023959,            0.015466,           0.0033726,             0.09184,             0.01739,           0.0054737,           0.0054737,           0.0054737
                 273,            0.030372,            0.016991,           0.0036862,            0.074399,            0.012872,             0.94319,             0.93811,             0.96393,             0.62961,            0.023956,            0.015463,             0.00335,            0.091844,            0.017398,           0.0054488,           0.0054488,           0.0054488
                 274,            0.029757,            0.016492,           0.0035018,            0.073237,            0.012325,             0.94396,             0.93684,             0.96389,             0.62999,             0.02395,            0.015463,           0.0033339,            0.091843,            0.017401,            0.005424,            0.005424,            0.005424
                 275,            0.030093,            0.016785,            0.003788,            0.073937,             0.01291,              0.9442,             0.93691,             0.96262,             0.63145,            0.023946,            0.015462,           0.0033274,            0.091838,             0.01741,           0.0053991,           0.0053991,           0.0053991
                 276,            0.029983,            0.016462,            0.004036,             0.07399,            0.012708,             0.94001,             0.93596,             0.96059,             0.63021,            0.023945,            0.015464,           0.0033131,            0.091851,            0.017417,           0.0053743,           0.0053743,           0.0053743
                 277,            0.029824,            0.016609,           0.0035408,            0.073405,            0.012644,             0.94125,               0.937,             0.96184,             0.63128,            0.023942,            0.015466,           0.0033032,            0.091866,             0.01741,           0.0053495,           0.0053495,           0.0053495
                 278,            0.029691,            0.016826,           0.0037228,            0.073251,            0.012326,             0.94059,             0.94211,             0.96376,             0.63236,            0.023942,            0.015468,           0.0032951,            0.091882,            0.017405,           0.0053247,           0.0053247,           0.0053247
                 279,            0.029857,            0.016715,           0.0038389,            0.073986,            0.012836,             0.93926,             0.94136,             0.96275,             0.63187,            0.023939,            0.015468,           0.0032919,            0.091886,            0.017409,           0.0052999,           0.0052999,           0.0052999
                 280,            0.029856,            0.016906,           0.0039987,            0.074242,             0.01284,             0.93563,             0.94345,             0.96236,             0.63079,            0.023939,             0.01547,           0.0032914,            0.091891,            0.017414,           0.0052752,           0.0052752,           0.0052752
                 281,            0.029699,             0.01665,           0.0037212,            0.073753,            0.012537,             0.93659,              0.9432,             0.96274,             0.63084,            0.023933,            0.015469,           0.0032885,            0.091902,             0.01742,           0.0052505,           0.0052505,           0.0052505
                 282,            0.030022,            0.016681,           0.0039257,            0.073394,            0.012966,             0.93451,             0.94248,             0.96298,             0.63115,            0.023923,            0.015467,            0.003294,            0.091893,            0.017427,           0.0052258,           0.0052258,           0.0052258
                 283,            0.029715,            0.016619,           0.0038549,            0.073175,            0.012563,             0.93656,             0.94246,             0.96281,             0.63143,            0.023917,            0.015468,           0.0032948,            0.091892,            0.017421,           0.0052012,           0.0052012,           0.0052012
                 284,            0.029643,            0.016495,           0.0038624,            0.073454,            0.012155,             0.94032,             0.93395,             0.96256,             0.63086,            0.023917,            0.015473,           0.0032998,            0.091893,            0.017412,           0.0051765,           0.0051765,           0.0051765
                 285,            0.029983,            0.016794,           0.0039157,            0.073707,            0.012545,             0.93422,             0.94051,             0.96424,             0.63128,            0.023918,            0.015475,            0.003298,            0.091897,            0.017416,            0.005152,            0.005152,            0.005152
                 286,            0.029877,            0.016815,           0.0038266,            0.072927,            0.012385,             0.93589,             0.94075,             0.96511,             0.63173,            0.023912,            0.015475,           0.0033003,            0.091898,            0.017417,           0.0051274,           0.0051274,           0.0051274
                 287,            0.029735,            0.016703,           0.0039543,            0.073439,            0.012333,             0.93549,             0.94068,             0.96478,             0.63216,             0.02391,             0.01548,           0.0032967,            0.091904,            0.017429,           0.0051029,           0.0051029,           0.0051029
                 288,            0.029617,            0.016793,            0.003783,            0.072989,            0.011995,             0.93674,             0.94035,             0.96508,             0.63261,            0.023909,            0.015484,           0.0032933,            0.091919,            0.017429,           0.0050784,           0.0050784,           0.0050784
                 289,            0.029315,            0.016402,           0.0034602,            0.072353,            0.011825,             0.94189,             0.93412,             0.96458,             0.63287,            0.023906,            0.015487,           0.0032795,            0.091921,            0.017423,            0.005054,            0.005054,            0.005054
                 290,            0.028982,            0.016344,           0.0034056,            0.072411,             0.01188,             0.93759,              0.9391,             0.96453,             0.63378,            0.023897,            0.015488,           0.0032711,            0.091908,            0.017414,           0.0050296,           0.0050296,           0.0050296
                 291,            0.029349,            0.016615,           0.0034264,            0.072636,            0.011731,             0.93686,             0.93986,             0.96375,             0.63232,            0.023895,            0.015488,           0.0032592,            0.091904,            0.017409,           0.0050052,           0.0050052,           0.0050052
                 292,            0.028778,            0.016147,             0.00362,            0.072885,            0.012127,              0.9358,             0.93943,              0.9642,             0.63347,            0.023888,            0.015488,           0.0032542,            0.091902,            0.017398,           0.0049809,           0.0049809,           0.0049809
                 293,            0.029627,            0.016383,           0.0038965,            0.073815,            0.012085,              0.9358,             0.93938,             0.96486,             0.63309,            0.023885,            0.015489,           0.0032505,            0.091896,            0.017386,           0.0049566,           0.0049566,           0.0049566
                 294,            0.028829,            0.016081,            0.003218,            0.071681,            0.011461,             0.94452,              0.9316,             0.96426,             0.63247,            0.023884,            0.015492,           0.0032437,            0.091908,            0.017381,           0.0049324,           0.0049324,           0.0049324
                 295,            0.029013,            0.016484,           0.0035022,            0.072429,            0.011936,             0.94547,             0.93163,             0.96364,             0.63241,            0.023882,            0.015495,           0.0032382,            0.091919,             0.01738,           0.0049082,           0.0049082,           0.0049082
                 296,            0.029329,            0.016205,           0.0036064,            0.072599,            0.011758,             0.94629,              0.9323,              0.9642,             0.63242,            0.023877,            0.015495,           0.0032297,            0.091929,            0.017384,            0.004884,            0.004884,            0.004884
                 297,             0.02919,            0.016712,           0.0036869,            0.073099,            0.011988,             0.94708,             0.93173,             0.96463,             0.63349,            0.023871,            0.015495,           0.0032243,            0.091929,            0.017384,           0.0048599,           0.0048599,           0.0048599
                 298,            0.029019,            0.016254,           0.0036618,            0.071936,            0.011192,              0.9453,             0.93078,             0.96543,             0.63311,            0.023867,            0.015495,           0.0032159,            0.091941,             0.01737,           0.0048359,           0.0048359,           0.0048359
                 299,            0.028921,            0.016512,           0.0035862,            0.072291,            0.011943,             0.94438,             0.93091,             0.96458,             0.63277,             0.02386,            0.015495,           0.0032092,            0.091945,            0.017364,           0.0048118,           0.0048118,           0.0048118
                 300,            0.029281,            0.016439,           0.0035313,            0.071942,            0.011467,             0.94816,             0.93188,             0.96516,               0.633,            0.023856,            0.015495,            0.003202,            0.091958,            0.017359,           0.0047879,           0.0047879,           0.0047879
                 301,            0.029289,            0.016624,           0.0038045,            0.072446,            0.010993,              0.9472,             0.93135,             0.96495,              0.6333,            0.023853,            0.015497,           0.0032006,            0.091967,            0.017358,           0.0047639,           0.0047639,           0.0047639
                 302,            0.028715,            0.016761,           0.0037523,            0.072898,            0.011695,             0.94702,             0.93105,             0.96484,             0.63418,            0.023852,            0.015496,           0.0031992,            0.091984,            0.017352,           0.0047401,           0.0047401,           0.0047401
                 303,            0.028817,            0.015855,           0.0034749,            0.071384,            0.011416,             0.94481,             0.93015,             0.96305,             0.63285,            0.023849,            0.015497,           0.0031956,            0.092001,            0.017353,           0.0047162,           0.0047162,           0.0047162
                 304,             0.02895,             0.01656,           0.0037361,            0.071706,            0.011277,             0.94421,             0.93068,             0.96334,             0.63274,            0.023847,            0.015499,           0.0031948,            0.092015,            0.017349,           0.0046924,           0.0046924,           0.0046924
                 305,            0.028525,            0.016187,           0.0034883,            0.071438,            0.011228,             0.94632,             0.92992,             0.96366,             0.63365,            0.023842,            0.015501,           0.0031922,            0.092028,            0.017345,           0.0046687,           0.0046687,           0.0046687
                 306,            0.029063,            0.016858,           0.0037071,            0.072011,            0.011629,             0.94726,             0.92981,             0.96456,             0.63396,            0.023837,            0.015502,           0.0031879,            0.092049,            0.017352,            0.004645,            0.004645,            0.004645
                 307,            0.028649,            0.016457,           0.0035481,            0.072031,            0.011097,             0.94425,             0.93252,             0.96456,             0.63371,            0.023835,            0.015505,           0.0031871,            0.092069,            0.017348,           0.0046214,           0.0046214,           0.0046214
                 308,            0.028713,            0.016197,           0.0033207,            0.070952,            0.010547,             0.94452,             0.93239,             0.96461,             0.63361,            0.023832,            0.015505,            0.003187,            0.092088,            0.017342,           0.0045979,           0.0045979,           0.0045979
                 309,            0.028852,            0.016112,           0.0034035,            0.071293,             0.01101,             0.94344,             0.93212,             0.96419,              0.6328,            0.023825,            0.015505,           0.0031869,            0.092095,            0.017345,           0.0045744,           0.0045744,           0.0045744
                 310,            0.028809,            0.016557,           0.0036822,            0.071645,            0.010972,             0.94172,             0.93385,             0.96404,             0.63302,            0.023826,            0.015508,           0.0031848,            0.092111,            0.017342,           0.0045509,           0.0045509,           0.0045509
                 311,            0.028215,            0.016088,           0.0032542,            0.070843,            0.010655,             0.94174,             0.93391,             0.96376,             0.63227,            0.023825,            0.015509,           0.0031868,            0.092122,            0.017341,           0.0045275,           0.0045275,           0.0045275
                 312,            0.028702,            0.016335,            0.003549,            0.071612,            0.010764,             0.94154,             0.93472,             0.96403,             0.63238,            0.023823,            0.015511,           0.0031867,            0.092125,            0.017338,           0.0045042,           0.0045042,           0.0045042
                 313,            0.028313,            0.016184,           0.0034173,            0.071459,            0.010912,              0.9423,             0.93454,             0.96411,             0.63308,            0.023822,            0.015514,           0.0031878,            0.092141,            0.017339,           0.0044809,           0.0044809,           0.0044809
                 314,            0.027943,            0.016117,           0.0033217,             0.07095,            0.010573,             0.94428,             0.93448,             0.96513,             0.63356,            0.023821,            0.015517,           0.0031894,            0.092149,            0.017341,           0.0044577,           0.0044577,           0.0044577
                 315,            0.028497,            0.015955,            0.003319,            0.070422,             0.01024,             0.94019,             0.93324,             0.96492,             0.63378,            0.023818,            0.015518,           0.0031868,            0.092154,            0.017346,           0.0044345,           0.0044345,           0.0044345
                 316,            0.028408,            0.016109,           0.0035357,            0.071684,            0.010763,             0.93999,             0.93318,             0.96481,             0.63402,            0.023815,            0.015518,           0.0031851,            0.092158,            0.017352,           0.0044114,           0.0044114,           0.0044114
                 317,            0.028318,            0.016191,           0.0033261,            0.071003,            0.010433,             0.94283,             0.93418,             0.96487,             0.63529,            0.023812,            0.015519,           0.0031897,            0.092164,            0.017354,           0.0043884,           0.0043884,           0.0043884
                 318,            0.028307,            0.016091,           0.0033168,            0.070608,            0.010324,             0.94445,             0.93443,             0.96527,             0.63512,            0.023811,            0.015518,           0.0031928,            0.092165,             0.01735,           0.0043654,           0.0043654,           0.0043654
                 319,            0.028417,            0.016017,           0.0034098,            0.070624,            0.010649,             0.94367,             0.93444,             0.96571,             0.63588,            0.023811,            0.015519,           0.0031852,            0.092178,            0.017341,           0.0043425,           0.0043425,           0.0043425
                 320,            0.028317,             0.01609,             0.00326,            0.070116,            0.010327,             0.94207,             0.93449,             0.96466,             0.63556,            0.023808,             0.01552,           0.0031813,            0.092187,            0.017338,           0.0043197,           0.0043197,           0.0043197
                 321,            0.028006,             0.01601,           0.0031735,            0.070231,           0.0099086,             0.94369,             0.93439,             0.96537,             0.63587,            0.023806,            0.015521,           0.0031743,            0.092194,            0.017332,           0.0042969,           0.0042969,           0.0042969
                 322,             0.02797,            0.016249,            0.003279,            0.070304,            0.010058,             0.94108,              0.9342,             0.96407,             0.63504,            0.023803,            0.015522,           0.0031766,            0.092201,            0.017327,           0.0042742,           0.0042742,           0.0042742
                 323,            0.028258,            0.016265,           0.0035397,            0.070832,            0.010642,             0.94175,             0.93454,             0.96438,             0.63483,              0.0238,            0.015521,           0.0031747,            0.092207,            0.017323,           0.0042515,           0.0042515,           0.0042515
                 324,            0.028301,            0.016191,           0.0035534,            0.071576,            0.010692,             0.94199,             0.93444,             0.96397,             0.63504,            0.023799,            0.015521,           0.0031691,            0.092207,            0.017318,            0.004229,            0.004229,            0.004229
                 325,            0.028295,            0.016057,           0.0032677,              0.0709,              0.0103,              0.9425,             0.93455,             0.96449,               0.636,            0.023799,             0.01552,           0.0031683,            0.092216,            0.017315,           0.0042065,           0.0042065,           0.0042065
                 326,            0.028014,             0.01603,           0.0034173,            0.070631,            0.010374,              0.9431,             0.93471,             0.96555,             0.63667,            0.023797,            0.015521,           0.0031694,            0.092209,            0.017313,            0.004184,            0.004184,            0.004184
                 327,            0.027865,            0.015983,           0.0030625,            0.069477,            0.010335,             0.94325,             0.93429,              0.9648,             0.63549,            0.023794,            0.015521,           0.0031719,            0.092222,            0.017311,           0.0041617,           0.0041617,           0.0041617
                 328,            0.027723,             0.01597,           0.0032835,            0.069687,            0.010204,             0.94365,             0.93519,             0.96571,             0.63587,            0.023792,            0.015521,           0.0031672,            0.092227,            0.017314,           0.0041394,           0.0041394,           0.0041394
                 329,             0.02785,            0.016068,           0.0032292,            0.069993,            0.010374,             0.94549,             0.93519,             0.96626,             0.63628,            0.023791,            0.015523,           0.0031642,            0.092233,            0.017307,           0.0041172,           0.0041172,           0.0041172
                 330,            0.027958,            0.016089,           0.0033745,            0.070252,            0.010369,             0.94494,             0.93519,             0.96605,             0.63561,             0.02379,            0.015525,           0.0031622,            0.092241,            0.017308,            0.004095,            0.004095,            0.004095
                 331,            0.027813,            0.016214,            0.003302,            0.070453,            0.010066,             0.94474,             0.93481,             0.96557,             0.63519,             0.02379,            0.015526,           0.0031694,            0.092253,            0.017314,            0.004073,            0.004073,            0.004073
                 332,            0.027548,            0.015664,           0.0032467,            0.070087,            0.010214,             0.94333,              0.9353,             0.96469,             0.63474,             0.02379,            0.015526,           0.0031713,            0.092263,            0.017312,            0.004051,            0.004051,            0.004051
                 333,            0.027125,            0.015353,           0.0029241,            0.068983,            0.009893,             0.94091,             0.93531,             0.96346,             0.63435,             0.02379,            0.015529,           0.0031696,            0.092267,            0.017317,           0.0040291,           0.0040291,           0.0040291
                 334,            0.027555,            0.015937,           0.0033734,             0.06968,            0.009307,             0.94342,             0.93467,             0.96386,             0.63468,            0.023792,             0.01553,           0.0031682,             0.09227,            0.017317,           0.0040073,           0.0040073,           0.0040073
                 335,            0.027583,            0.015536,           0.0030769,            0.068961,           0.0092125,              0.9405,             0.93526,             0.96377,             0.63431,            0.023795,            0.015532,           0.0031635,            0.092285,            0.017308,           0.0039855,           0.0039855,           0.0039855
                 336,            0.027549,            0.015678,           0.0031469,            0.069265,           0.0098838,             0.94123,             0.93381,             0.96287,             0.63433,            0.023797,            0.015535,            0.003164,            0.092289,            0.017301,           0.0039638,           0.0039638,           0.0039638
                 337,            0.027404,            0.015942,           0.0031868,            0.069439,           0.0098043,             0.93795,             0.93665,             0.96359,             0.63464,            0.023797,            0.015537,           0.0031662,            0.092289,            0.017296,           0.0039422,           0.0039422,           0.0039422
                 338,             0.02747,            0.016262,           0.0032525,            0.069334,            0.009657,             0.94905,             0.92896,             0.96405,             0.63498,            0.023796,            0.015539,           0.0031674,            0.092298,            0.017289,           0.0039207,           0.0039207,           0.0039207
                 339,            0.027531,            0.015949,           0.0034662,             0.06943,           0.0094205,             0.94622,             0.92958,             0.96345,             0.63453,            0.023798,            0.015541,            0.003166,            0.092314,            0.017279,           0.0038993,           0.0038993,           0.0038993
                 340,            0.027118,            0.015438,           0.0031167,            0.068974,           0.0099027,              0.9486,             0.93089,             0.96432,             0.63578,            0.023798,            0.015542,            0.003166,            0.092321,            0.017267,            0.003878,            0.003878,            0.003878
                 341,            0.027177,            0.015452,           0.0030946,            0.068576,           0.0091317,             0.94906,             0.93004,             0.96445,             0.63555,            0.023799,            0.015546,           0.0031651,            0.092323,            0.017267,           0.0038567,           0.0038567,           0.0038567
                 342,             0.02718,            0.015752,           0.0031483,            0.068883,           0.0094637,             0.94517,             0.93311,             0.96399,             0.63577,              0.0238,            0.015547,           0.0031648,            0.092324,            0.017271,           0.0038355,           0.0038355,           0.0038355
                 343,            0.026873,            0.015513,           0.0027518,            0.068131,           0.0092126,             0.94447,             0.93332,             0.96395,             0.63582,            0.023802,            0.015549,            0.003162,            0.092336,            0.017268,           0.0038144,           0.0038144,           0.0038144
                 344,            0.026892,            0.015766,           0.0034522,            0.069338,           0.0096097,             0.94669,             0.93502,             0.96582,             0.63729,            0.023805,             0.01555,           0.0031601,            0.092342,            0.017271,           0.0037934,           0.0037934,           0.0037934
                 345,             0.02719,            0.015863,           0.0034486,            0.069953,           0.0095437,             0.94349,             0.93494,             0.96461,             0.63664,            0.023805,            0.015551,            0.003158,            0.092346,            0.017262,           0.0037725,           0.0037725,           0.0037725
                 346,            0.026785,            0.015617,           0.0031214,            0.069154,           0.0094537,             0.94664,             0.93492,             0.96504,             0.63676,            0.023806,            0.015552,           0.0031577,            0.092359,            0.017254,           0.0037517,           0.0037517,           0.0037517
                 347,            0.026886,            0.015503,           0.0030893,            0.068212,           0.0088226,             0.94396,             0.93481,              0.9645,             0.63674,            0.023808,            0.015554,           0.0031545,            0.092373,            0.017255,           0.0037309,           0.0037309,           0.0037309
                 348,            0.026856,            0.015295,           0.0030087,            0.068537,            0.009621,             0.94393,             0.93481,             0.96405,             0.63632,            0.023808,            0.015554,           0.0031542,            0.092377,            0.017248,           0.0037103,           0.0037103,           0.0037103
                 349,            0.027131,            0.015808,           0.0033132,            0.068695,           0.0093946,             0.94613,             0.93473,             0.96537,             0.63725,             0.02381,            0.015557,            0.003155,            0.092398,            0.017246,           0.0036897,           0.0036897,           0.0036897
                 350,            0.026836,             0.01547,           0.0030448,            0.067913,           0.0092743,             0.94048,             0.93463,             0.96259,             0.63605,            0.023812,            0.015559,           0.0031551,            0.092411,            0.017241,           0.0036692,           0.0036692,           0.0036692
                 351,            0.026859,            0.015681,           0.0029708,             0.06823,           0.0093621,              0.9391,             0.93454,             0.96292,             0.63623,            0.023813,            0.015561,           0.0031561,            0.092421,            0.017242,           0.0036489,           0.0036489,           0.0036489
                 352,            0.026582,            0.015487,            0.003181,            0.068182,           0.0093062,             0.93624,             0.93427,             0.96223,             0.63608,            0.023812,            0.015561,           0.0031591,            0.092433,            0.017242,           0.0036286,           0.0036286,           0.0036286
                 353,            0.026884,            0.015512,           0.0032007,            0.068618,           0.0091649,             0.94513,             0.93035,             0.96431,             0.63791,            0.023811,            0.015562,           0.0031647,            0.092445,            0.017245,           0.0036084,           0.0036084,           0.0036084
                 354,            0.026296,            0.015566,           0.0030045,            0.067919,            0.008888,             0.94433,              0.9304,             0.96336,             0.63668,            0.023811,            0.015563,            0.003171,            0.092458,            0.017246,           0.0035883,           0.0035883,           0.0035883
                 355,            0.026863,            0.015613,           0.0031426,            0.068201,           0.0091169,             0.94258,             0.93039,             0.96274,             0.63637,            0.023813,            0.015564,           0.0031783,            0.092477,            0.017249,           0.0035683,           0.0035683,           0.0035683
                 356,            0.026471,            0.015336,           0.0030523,            0.068325,           0.0087721,             0.94667,             0.93057,             0.96413,             0.63678,            0.023812,            0.015564,             0.00318,            0.092485,            0.017247,           0.0035484,           0.0035484,           0.0035484
                 357,            0.026735,            0.015326,           0.0029807,            0.067956,           0.0089791,             0.94724,             0.93055,             0.96363,             0.63762,            0.023811,            0.015564,           0.0031799,            0.092492,            0.017246,           0.0035286,           0.0035286,           0.0035286
                 358,            0.026436,            0.015091,           0.0029907,            0.067843,            0.008937,             0.94196,             0.93527,             0.96305,             0.63679,            0.023811,            0.015565,           0.0031796,            0.092502,            0.017246,           0.0035088,           0.0035088,           0.0035088
                 359,             0.02672,            0.015794,           0.0032766,            0.068465,           0.0091806,             0.94505,             0.93507,             0.96402,             0.63781,            0.023809,            0.015566,           0.0031801,            0.092511,             0.01724,           0.0034892,           0.0034892,           0.0034892
                 360,            0.026361,            0.015472,           0.0031522,            0.068161,           0.0094836,              0.9462,             0.93501,              0.9648,              0.6381,             0.02381,            0.015567,           0.0031794,            0.092523,            0.017236,           0.0034697,           0.0034697,           0.0034697
                 361,            0.026251,            0.015306,           0.0027849,            0.067616,           0.0088717,             0.94751,             0.93532,             0.96559,             0.63882,            0.023808,            0.015568,           0.0031821,            0.092533,            0.017238,           0.0034503,           0.0034503,           0.0034503
                 362,            0.026644,            0.015592,            0.003157,            0.067737,           0.0087568,             0.94678,             0.93492,             0.96535,             0.63865,            0.023807,             0.01557,           0.0031844,            0.092535,            0.017241,            0.003431,            0.003431,            0.003431
                 363,            0.026501,            0.015744,           0.0033087,            0.068611,           0.0091929,             0.94519,             0.93485,             0.96505,             0.63778,            0.023806,            0.015568,           0.0031876,            0.092538,            0.017236,           0.0034118,           0.0034118,           0.0034118
                 364,            0.026188,            0.015412,           0.0030384,             0.06807,           0.0087902,             0.94669,             0.93383,             0.96523,             0.63828,            0.023806,             0.01557,           0.0031893,            0.092532,            0.017237,           0.0033927,           0.0033927,           0.0033927
                 365,            0.026155,            0.015437,           0.0032472,            0.067591,           0.0091607,             0.94584,             0.93435,             0.96514,              0.6379,            0.023803,            0.015572,           0.0031913,            0.092534,            0.017235,           0.0033737,           0.0033737,           0.0033737
                 366,            0.026165,            0.015306,           0.0029158,            0.067848,           0.0083004,              0.9473,               0.934,              0.9649,             0.63842,            0.023803,            0.015574,           0.0031953,            0.092533,            0.017231,           0.0033548,           0.0033548,           0.0033548
                 367,            0.026317,            0.015356,           0.0029844,            0.067793,           0.0086798,             0.94903,             0.93393,              0.9653,             0.63817,            0.023801,            0.015574,            0.003199,            0.092532,            0.017234,            0.003336,            0.003336,            0.003336
                 368,            0.026137,              0.0153,           0.0028603,            0.067391,           0.0087256,             0.94728,             0.93405,              0.9652,             0.63826,            0.023799,            0.015574,           0.0031953,            0.092532,            0.017236,           0.0033173,           0.0033173,           0.0033173
                 369,            0.026401,            0.015487,           0.0031486,             0.06796,           0.0090572,              0.9473,             0.93379,             0.96484,             0.63818,            0.023797,            0.015575,           0.0031946,            0.092536,            0.017235,           0.0032987,           0.0032987,           0.0032987
                 370,            0.026004,            0.015215,           0.0027184,            0.066716,           0.0084206,             0.94737,             0.93437,             0.96507,             0.63771,            0.023798,            0.015576,           0.0031925,            0.092544,             0.01723,           0.0032802,           0.0032802,           0.0032802
                 371,            0.026181,            0.015183,             0.00297,            0.067337,           0.0084047,             0.94491,             0.93434,             0.96421,             0.63765,            0.023799,            0.015577,           0.0031914,            0.092561,            0.017229,           0.0032618,           0.0032618,           0.0032618
                 372,            0.026037,            0.015245,           0.0030444,            0.067497,           0.0085698,              0.9487,             0.93393,             0.96515,             0.63859,            0.023798,             0.01558,           0.0031889,            0.092571,            0.017229,           0.0032435,           0.0032435,           0.0032435
                 373,            0.026174,            0.015317,           0.0029406,            0.067143,           0.0084711,             0.94888,             0.93319,             0.96506,             0.63842,            0.023796,            0.015582,           0.0031874,            0.092585,            0.017223,           0.0032254,           0.0032254,           0.0032254
                 374,            0.025922,            0.015349,           0.0028177,            0.067505,            0.008471,             0.94874,             0.93319,             0.96494,             0.63825,            0.023795,            0.015583,           0.0031881,            0.092594,             0.01722,           0.0032073,           0.0032073,           0.0032073
                 375,            0.025868,              0.0155,           0.0030941,            0.067883,            0.008865,             0.94834,             0.93323,             0.96489,              0.6385,            0.023795,            0.015585,           0.0031854,            0.092617,            0.017222,           0.0031894,           0.0031894,           0.0031894
                 376,            0.025869,            0.015164,           0.0029408,            0.066685,           0.0085233,             0.94784,             0.93322,             0.96476,             0.63927,            0.023793,            0.015587,           0.0031823,            0.092628,            0.017223,           0.0031716,           0.0031716,           0.0031716
                 377,            0.025908,            0.015032,           0.0027621,             0.06645,           0.0081204,             0.94762,             0.93315,             0.96471,             0.63914,             0.02379,            0.015588,           0.0031838,            0.092638,            0.017223,           0.0031539,           0.0031539,           0.0031539
                 378,            0.025686,            0.015471,           0.0031691,            0.067387,           0.0087596,             0.94778,             0.93331,             0.96445,             0.63916,            0.023789,             0.01559,            0.003186,            0.092654,            0.017223,           0.0031363,           0.0031363,           0.0031363
                 379,             0.02585,            0.015194,           0.0027665,            0.066021,           0.0081684,             0.95002,              0.9329,             0.96532,             0.63977,            0.023788,            0.015591,            0.003189,             0.09267,            0.017223,           0.0031188,           0.0031188,           0.0031188
                 380,            0.025646,            0.015229,           0.0030331,            0.067221,           0.0088094,             0.94855,              0.9325,              0.9647,             0.63999,            0.023786,            0.015593,           0.0031905,            0.092681,            0.017222,           0.0031014,           0.0031014,           0.0031014
                 381,             0.02547,            0.015183,           0.0028278,            0.066449,            0.008087,             0.94695,             0.93243,             0.96435,             0.64009,            0.023785,            0.015593,           0.0031921,            0.092691,            0.017222,           0.0030841,           0.0030841,           0.0030841
                 382,            0.025795,            0.014894,           0.0026994,            0.066466,           0.0080142,             0.94983,              0.9324,             0.96521,             0.64025,            0.023786,            0.015594,           0.0031936,            0.092701,            0.017221,            0.003067,            0.003067,            0.003067
                 383,            0.025586,            0.014959,            0.002923,            0.066379,           0.0082354,             0.94735,             0.93248,             0.96427,                0.64,            0.023785,            0.015595,           0.0031956,            0.092705,            0.017226,           0.0030499,           0.0030499,           0.0030499
                 384,            0.025629,            0.015338,           0.0029967,            0.066463,           0.0079731,             0.94643,             0.93252,             0.96492,             0.64024,            0.023783,            0.015594,           0.0031938,            0.092721,            0.017219,            0.003033,            0.003033,            0.003033
                 385,            0.025253,            0.015254,           0.0029533,            0.066777,           0.0080448,             0.94757,             0.93215,             0.96555,             0.64117,            0.023782,            0.015595,           0.0031937,            0.092733,            0.017225,           0.0030162,           0.0030162,           0.0030162
                 386,            0.025304,             0.01496,           0.0028765,            0.066265,           0.0081027,             0.94948,             0.93227,              0.9661,             0.64211,             0.02378,            0.015597,           0.0031942,            0.092748,            0.017224,           0.0029996,           0.0029996,           0.0029996
                 387,            0.025202,            0.014834,           0.0026729,            0.065938,           0.0077673,             0.94756,             0.93246,             0.96551,             0.64253,             0.02378,            0.015598,           0.0031917,            0.092755,            0.017225,            0.002983,            0.002983,            0.002983
                 388,            0.025216,            0.015131,            0.002815,            0.065816,           0.0081429,             0.94667,             0.93257,             0.96498,              0.6421,            0.023781,            0.015599,           0.0031853,            0.092767,            0.017222,           0.0029666,           0.0029666,           0.0029666
                 389,            0.025104,            0.015111,           0.0028326,            0.066539,           0.0083085,              0.9473,             0.93254,             0.96512,             0.64294,            0.023779,            0.015601,           0.0031847,            0.092781,            0.017218,           0.0029502,           0.0029502,           0.0029502
                 390,            0.025644,            0.015207,           0.0030064,            0.066539,           0.0081455,             0.94882,             0.93222,             0.96496,             0.64267,            0.023779,            0.015602,           0.0031843,             0.09279,             0.01722,            0.002934,            0.002934,            0.002934
                 391,            0.025224,            0.014919,           0.0027252,            0.066106,           0.0080699,             0.94957,             0.93249,             0.96516,             0.64264,            0.023777,            0.015603,           0.0031828,            0.092804,            0.017226,           0.0029179,           0.0029179,           0.0029179
                 392,            0.025213,            0.015158,           0.0028285,            0.066407,           0.0083286,             0.94839,             0.93245,             0.96443,             0.64205,            0.023776,            0.015606,           0.0031794,            0.092817,             0.01723,            0.002902,            0.002902,            0.002902
                 393,            0.025291,            0.014876,           0.0028228,              0.0665,           0.0081129,              0.9484,             0.93239,             0.96476,             0.64244,            0.023774,            0.015606,           0.0031773,            0.092829,            0.017237,           0.0028862,           0.0028862,           0.0028862
                 394,            0.024952,            0.014818,           0.0027342,            0.065448,           0.0078952,             0.94672,             0.93243,             0.96427,             0.64225,            0.023774,            0.015606,           0.0031777,            0.092842,            0.017242,           0.0028704,           0.0028704,           0.0028704
                 395,            0.025055,            0.014617,           0.0028538,            0.065734,           0.0080901,             0.94627,             0.93257,             0.96437,             0.64234,            0.023774,            0.015608,           0.0031796,            0.092854,            0.017243,           0.0028548,           0.0028548,           0.0028548
                 396,            0.025117,             0.01493,           0.0026882,            0.065549,           0.0078112,             0.94738,             0.93257,             0.96507,             0.64266,            0.023771,            0.015609,           0.0031773,            0.092856,            0.017247,           0.0028394,           0.0028394,           0.0028394
                 397,            0.025294,            0.015135,            0.002799,            0.065854,           0.0080182,             0.94482,             0.93776,             0.96623,             0.64336,             0.02377,            0.015611,           0.0031785,            0.092873,            0.017253,            0.002824,            0.002824,            0.002824
                 398,            0.024989,            0.014826,           0.0027046,            0.065546,           0.0077144,             0.94415,             0.93786,             0.96571,             0.64263,             0.02377,            0.015611,           0.0031786,            0.092885,            0.017258,           0.0028088,           0.0028088,           0.0028088
                 399,             0.02507,            0.014798,           0.0030792,            0.065883,           0.0078816,             0.94973,             0.93246,             0.96587,             0.64273,             0.02377,            0.015613,           0.0031767,            0.092904,            0.017266,           0.0027937,           0.0027937,           0.0027937
                 400,            0.024605,             0.01488,           0.0028932,            0.065708,           0.0081477,             0.94306,             0.93799,             0.96602,             0.64249,            0.023768,            0.015614,           0.0031774,            0.092919,            0.017269,           0.0027788,           0.0027788,           0.0027788
                 401,            0.024941,            0.014741,           0.0029263,            0.065604,           0.0080901,             0.94677,             0.93252,             0.96572,             0.64237,            0.023766,            0.015614,           0.0031758,            0.092935,            0.017271,           0.0027639,           0.0027639,           0.0027639
                 402,            0.024949,            0.014938,           0.0027557,            0.065851,           0.0077864,             0.94293,             0.93809,             0.96592,              0.6426,            0.023764,            0.015613,           0.0031724,            0.092953,            0.017275,           0.0027492,           0.0027492,           0.0027492
                 403,            0.024996,             0.01507,           0.0028526,            0.065572,           0.0074287,             0.94541,             0.93684,             0.96618,               0.642,            0.023764,            0.015614,           0.0031703,            0.092973,            0.017275,           0.0027346,           0.0027346,           0.0027346
                 404,            0.024983,            0.014779,           0.0028024,            0.065398,           0.0074759,             0.94862,             0.93264,             0.96605,             0.64329,            0.023762,            0.015616,           0.0031697,            0.092994,            0.017276,           0.0027202,           0.0027202,           0.0027202
                 405,            0.024862,            0.014566,           0.0027772,            0.065994,            0.007825,             0.94671,             0.93276,              0.9655,             0.64297,             0.02376,            0.015618,           0.0031679,            0.092999,            0.017278,           0.0027059,           0.0027059,           0.0027059
                 406,             0.02491,            0.014832,           0.0029016,            0.065784,            0.007817,             0.94826,             0.93275,             0.96595,               0.643,            0.023756,             0.01562,           0.0031645,            0.093001,            0.017276,           0.0026917,           0.0026917,           0.0026917
                 407,            0.024754,            0.014936,           0.0027054,            0.065211,           0.0077818,             0.94683,             0.93285,             0.96564,             0.64221,            0.023755,            0.015621,           0.0031603,            0.093018,            0.017275,           0.0026776,           0.0026776,           0.0026776
                 408,            0.024604,            0.014573,           0.0025923,             0.06508,           0.0076616,             0.94616,               0.933,              0.9654,             0.64299,            0.023753,            0.015622,           0.0031581,            0.093029,            0.017278,           0.0026637,           0.0026637,           0.0026637
                 409,            0.024673,             0.01481,           0.0028834,            0.065692,           0.0076372,             0.94717,             0.93306,             0.96582,             0.64282,            0.023749,            0.015624,           0.0031599,            0.093038,            0.017278,           0.0026499,           0.0026499,           0.0026499
                 410,            0.024397,            0.014678,           0.0026202,            0.065281,           0.0077049,             0.94807,             0.93323,             0.96577,              0.6428,            0.023747,            0.015625,           0.0031579,            0.093049,            0.017277,           0.0026362,           0.0026362,           0.0026362
                 411,            0.024458,            0.014745,           0.0030114,            0.065998,           0.0077937,             0.94663,             0.93344,             0.96542,              0.6425,            0.023744,            0.015625,           0.0031566,            0.093057,            0.017275,           0.0026227,           0.0026227,           0.0026227
                 412,             0.02468,            0.014758,            0.002842,            0.065382,           0.0074868,             0.94781,             0.93401,             0.96569,             0.64196,            0.023741,            0.015627,           0.0031538,            0.093071,            0.017271,           0.0026093,           0.0026093,           0.0026093
                 413,            0.024549,            0.014458,            0.002587,            0.064582,           0.0074153,              0.9469,             0.93445,             0.96536,             0.64187,            0.023742,            0.015628,           0.0031529,            0.093082,            0.017276,            0.002596,            0.002596,            0.002596
                 414,            0.024279,              0.0146,           0.0027325,            0.064786,           0.0075925,             0.94702,             0.93447,             0.96556,             0.64158,            0.023743,            0.015629,           0.0031579,            0.093097,            0.017281,           0.0025829,           0.0025829,           0.0025829
                 415,            0.024548,            0.014685,           0.0028298,            0.064866,           0.0076558,             0.94739,             0.93461,             0.96565,             0.64173,            0.023741,             0.01563,           0.0031565,             0.09311,            0.017284,           0.0025699,           0.0025699,           0.0025699
                 416,            0.024516,            0.014481,           0.0027293,            0.065176,           0.0076012,             0.94657,             0.93465,             0.96573,             0.64222,            0.023738,             0.01563,            0.003157,            0.093116,            0.017285,            0.002557,            0.002557,            0.002557
                 417,            0.024228,            0.014508,           0.0026259,            0.064072,           0.0075968,             0.94972,             0.93114,             0.96565,             0.64209,            0.023738,             0.01563,           0.0031621,            0.093135,            0.017286,           0.0025443,           0.0025443,           0.0025443
                 418,            0.024237,            0.014736,           0.0024983,            0.064708,           0.0075226,             0.95046,             0.93106,             0.96584,             0.64201,            0.023737,            0.015632,           0.0031641,            0.093141,             0.01729,           0.0025317,           0.0025317,           0.0025317
                 419,            0.024211,            0.014788,           0.0025017,            0.064557,           0.0073514,             0.95039,             0.93116,             0.96593,             0.64169,            0.023737,            0.015633,           0.0031688,            0.093159,            0.017293,           0.0025193,           0.0025193,           0.0025193
                 420,            0.024164,            0.014599,           0.0028274,            0.065272,           0.0077453,             0.95218,             0.93159,             0.96627,             0.64215,            0.023735,            0.015634,           0.0031682,            0.093171,            0.017297,            0.002507,            0.002507,            0.002507
                 421,            0.024057,            0.014551,           0.0027639,            0.064653,           0.0075527,             0.95203,             0.93163,             0.96595,             0.64144,            0.023732,            0.015635,           0.0031668,            0.093183,            0.017301,           0.0024948,           0.0024948,           0.0024948
                 422,            0.024421,            0.014417,           0.0027623,            0.064837,           0.0075999,             0.95082,             0.93171,             0.96533,             0.64115,            0.023729,            0.015636,           0.0031667,            0.093193,            0.017299,           0.0024827,           0.0024827,           0.0024827
                 423,            0.024193,             0.01433,           0.0027611,            0.064513,           0.0074688,              0.9501,             0.93235,             0.96492,              0.6411,            0.023725,            0.015638,           0.0031682,            0.093206,            0.017303,           0.0024708,           0.0024708,           0.0024708
                 424,            0.024344,            0.014619,           0.0027288,            0.064855,           0.0078031,             0.95015,             0.93229,             0.96491,             0.64073,            0.023724,            0.015638,           0.0031687,             0.09321,            0.017303,           0.0024591,           0.0024591,           0.0024591
                 425,            0.023916,             0.01442,           0.0026493,             0.06359,           0.0067982,             0.95098,             0.93279,             0.96624,             0.64199,             0.02372,            0.015639,           0.0031639,            0.093223,              0.0173,           0.0024475,           0.0024475,           0.0024475
                 426,            0.024239,            0.014508,           0.0027559,            0.064658,           0.0076251,             0.95033,             0.93223,             0.96525,             0.64174,            0.023716,             0.01564,           0.0031633,            0.093234,            0.017298,            0.002436,            0.002436,            0.002436
                 427,            0.023967,            0.014292,           0.0024666,            0.063815,           0.0069897,             0.95185,             0.93329,             0.96583,              0.6426,            0.023716,             0.01564,           0.0031601,            0.093247,            0.017294,           0.0024246,           0.0024246,           0.0024246
                 428,            0.024057,            0.014656,           0.0028688,            0.065054,           0.0076577,             0.95202,             0.93319,              0.9658,             0.64283,            0.023713,            0.015641,            0.003159,            0.093252,            0.017291,           0.0024134,           0.0024134,           0.0024134
                 429,            0.023905,            0.014373,           0.0026149,            0.064111,           0.0072909,             0.95205,             0.93319,             0.96585,             0.64281,             0.02371,            0.015642,           0.0031605,            0.093256,            0.017288,           0.0024024,           0.0024024,           0.0024024
                 430,            0.023893,            0.014655,           0.0027451,            0.064255,           0.0074152,             0.93416,             0.95141,             0.96594,             0.64264,            0.023708,            0.015642,           0.0031572,            0.093264,            0.017293,           0.0023915,           0.0023915,           0.0023915
                 431,            0.023933,            0.014896,           0.0028443,            0.064477,           0.0073854,             0.93463,             0.95129,             0.96632,             0.64325,            0.023706,            0.015642,           0.0031562,            0.093271,            0.017292,           0.0023807,           0.0023807,           0.0023807
                 432,            0.023541,            0.014342,           0.0025865,            0.064057,           0.0070416,             0.93373,             0.95129,             0.96606,             0.64307,            0.023705,            0.015644,           0.0031564,            0.093279,            0.017291,           0.0023701,           0.0023701,           0.0023701
                 433,            0.023987,            0.014625,           0.0027936,            0.064177,           0.0070413,             0.93466,             0.95169,             0.96651,             0.64302,            0.023703,            0.015645,           0.0031604,            0.093295,            0.017294,           0.0023596,           0.0023596,           0.0023596
                 434,            0.023822,            0.014582,           0.0029354,            0.064352,           0.0072638,             0.93367,             0.95145,             0.96609,             0.64266,              0.0237,            0.015647,           0.0031614,            0.093307,            0.017292,           0.0023492,           0.0023492,           0.0023492
                 435,            0.023681,            0.014284,           0.0028183,            0.063968,           0.0071116,             0.93326,             0.95306,             0.96631,             0.64365,            0.023699,             0.01565,           0.0031637,            0.093318,            0.017286,            0.002339,            0.002339,            0.002339
                 436,            0.023797,            0.014394,           0.0026348,            0.063591,           0.0067655,             0.93349,             0.95291,              0.9663,              0.6436,            0.023698,            0.015651,           0.0031636,            0.093327,            0.017288,            0.002329,            0.002329,            0.002329
                 437,            0.023983,            0.014193,           0.0026802,            0.064146,           0.0073105,             0.93347,             0.95281,             0.96633,             0.64389,            0.023697,            0.015652,           0.0031651,            0.093337,            0.017291,           0.0023191,           0.0023191,           0.0023191
                 438,            0.023796,            0.014428,           0.0026162,            0.064173,           0.0073852,             0.94892,             0.93695,              0.9663,              0.6436,            0.023696,            0.015654,           0.0031641,            0.093349,            0.017292,           0.0023093,           0.0023093,           0.0023093
                 439,            0.023846,            0.014437,           0.0026715,            0.064174,           0.0072097,             0.94875,             0.93693,             0.96647,              0.6437,            0.023692,            0.015655,           0.0031637,            0.093359,            0.017291,           0.0022997,           0.0022997,           0.0022997
                 440,            0.023821,            0.014528,           0.0029195,            0.064609,           0.0072905,             0.94924,             0.93685,             0.96604,             0.64342,            0.023689,            0.015657,           0.0031625,            0.093366,            0.017288,           0.0022902,           0.0022902,           0.0022902
                 441,            0.023499,            0.014379,           0.0024389,             0.06391,           0.0072566,             0.94859,             0.93586,             0.96543,             0.64319,            0.023689,            0.015658,           0.0031593,            0.093371,            0.017297,           0.0022809,           0.0022809,           0.0022809
                 442,            0.023564,            0.014683,           0.0026112,            0.064068,           0.0072095,              0.9487,             0.93634,             0.96554,             0.64292,            0.023688,            0.015659,           0.0031583,            0.093384,            0.017302,           0.0022717,           0.0022717,           0.0022717
                 443,             0.02364,            0.014163,           0.0026105,            0.063794,           0.0069219,             0.94907,             0.93658,             0.96565,             0.64293,            0.023688,             0.01566,           0.0031582,            0.093392,            0.017306,           0.0022627,           0.0022627,           0.0022627
                 444,            0.023555,            0.014418,           0.0026164,            0.063757,            0.006938,             0.94905,             0.93671,             0.96584,             0.64292,            0.023685,            0.015659,           0.0031565,            0.093394,            0.017307,           0.0022538,           0.0022538,           0.0022538
                 445,            0.023607,            0.014319,           0.0027503,            0.063975,           0.0072301,              0.9472,             0.93675,             0.96508,             0.64317,            0.023685,            0.015662,           0.0031549,            0.093397,             0.01731,           0.0022451,           0.0022451,           0.0022451
                 446,            0.023494,            0.014299,           0.0024582,            0.063062,           0.0069612,             0.94785,             0.93596,             0.96435,             0.64229,            0.023684,            0.015664,           0.0031548,            0.093401,            0.017318,           0.0022365,           0.0022365,           0.0022365
                 447,            0.023737,             0.01481,           0.0027657,            0.064087,           0.0072079,             0.94781,             0.93588,             0.96467,             0.64212,            0.023684,            0.015666,           0.0031528,            0.093413,            0.017315,            0.002228,            0.002228,            0.002228
                 448,            0.023884,             0.01416,           0.0026351,            0.063972,           0.0073059,             0.94961,             0.93597,             0.96551,             0.64264,            0.023684,            0.015667,           0.0031544,            0.093418,            0.017312,           0.0022197,           0.0022197,           0.0022197
                 449,            0.023691,            0.014239,           0.0026429,            0.063716,           0.0070765,             0.94938,             0.93605,             0.96548,             0.64275,            0.023685,            0.015668,           0.0031528,            0.093425,            0.017311,           0.0022116,           0.0022116,           0.0022116
                 450,            0.023399,            0.014125,           0.0023318,            0.062915,           0.0066628,             0.94922,             0.93661,             0.96559,             0.64224,            0.023685,             0.01567,           0.0031501,             0.09343,            0.017314,           0.0022036,           0.0022036,           0.0022036
                 451,            0.023963,            0.014099,           0.0027231,             0.06383,           0.0070717,             0.94913,             0.93683,             0.96594,             0.64262,            0.023683,             0.01567,           0.0031492,            0.093441,            0.017316,           0.0021958,           0.0021958,           0.0021958
                 452,            0.022975,            0.014334,           0.0023619,            0.063226,            0.006979,              0.9485,             0.93678,             0.96548,             0.64228,            0.023683,            0.015672,           0.0031477,            0.093457,            0.017321,           0.0021881,           0.0021881,           0.0021881
                 453,            0.023598,            0.014503,           0.0026209,            0.063625,           0.0070368,             0.94887,             0.93684,             0.96569,             0.64262,            0.023683,            0.015673,           0.0031455,            0.093469,            0.017327,           0.0021805,           0.0021805,           0.0021805
                 454,            0.023219,            0.014028,           0.0025264,            0.063391,           0.0069274,             0.94886,             0.93663,             0.96534,             0.64205,            0.023682,            0.015675,           0.0031478,            0.093492,            0.017327,           0.0021732,           0.0021732,           0.0021732
                 455,            0.023176,            0.014318,           0.0024807,             0.06339,           0.0067312,             0.94703,             0.93674,             0.96503,             0.64194,            0.023681,            0.015676,           0.0031503,            0.093512,            0.017326,           0.0021659,           0.0021659,           0.0021659
                 456,            0.023368,            0.014372,            0.002773,             0.06367,           0.0070593,             0.94724,             0.93726,             0.96595,             0.64273,            0.023682,            0.015678,           0.0031514,            0.093521,            0.017333,           0.0021588,           0.0021588,           0.0021588
                 457,            0.023153,            0.014224,           0.0025568,            0.062656,           0.0065686,             0.95209,             0.93443,             0.96585,             0.64297,            0.023681,            0.015678,           0.0031528,            0.093542,            0.017333,           0.0021519,           0.0021519,           0.0021519
                 458,            0.023213,            0.014114,           0.0024569,            0.062985,           0.0068277,             0.94839,             0.93789,             0.96602,             0.64297,             0.02368,             0.01568,           0.0031552,            0.093556,             0.01733,           0.0021451,           0.0021451,           0.0021451
                 459,            0.023158,            0.014301,           0.0025156,            0.063246,           0.0069806,             0.94812,             0.93782,             0.96577,             0.64314,            0.023678,            0.015681,           0.0031575,            0.093577,            0.017335,           0.0021385,           0.0021385,           0.0021385
                 460,            0.023216,            0.014291,           0.0025552,            0.062975,           0.0067219,              0.9473,             0.93842,             0.96519,             0.64293,            0.023678,            0.015683,           0.0031615,            0.093593,             0.01734,            0.002132,            0.002132,            0.002132
                 461,            0.023161,            0.014178,           0.0025216,             0.06275,           0.0067928,             0.94893,              0.9384,             0.96611,              0.6432,            0.023677,            0.015684,           0.0031614,            0.093612,            0.017339,           0.0021257,           0.0021257,           0.0021257
                 462,            0.023096,            0.014339,           0.0025003,            0.063169,           0.0067054,             0.94877,             0.93842,             0.96593,             0.64294,            0.023677,            0.015686,           0.0031626,            0.093628,             0.01734,           0.0021195,           0.0021195,           0.0021195
                 463,            0.023082,            0.013987,           0.0025759,            0.063257,           0.0068353,             0.94898,             0.93832,             0.96591,             0.64225,            0.023674,            0.015686,           0.0031639,            0.093649,            0.017343,           0.0021135,           0.0021135,           0.0021135
                 464,             0.02316,            0.013781,           0.0024747,            0.063131,           0.0065795,             0.94595,             0.93802,             0.96547,             0.64239,            0.023672,            0.015688,           0.0031646,            0.093664,            0.017346,           0.0021076,           0.0021076,           0.0021076
                 465,            0.022864,            0.013806,           0.0022889,            0.062488,           0.0063333,             0.94856,             0.93839,             0.96558,             0.64192,            0.023672,             0.01569,           0.0031662,            0.093679,             0.01735,           0.0021019,           0.0021019,           0.0021019
                 466,            0.022945,            0.013866,           0.0024595,             0.06216,           0.0064796,             0.94924,             0.93841,             0.96577,             0.64225,             0.02367,            0.015692,           0.0031701,            0.093692,            0.017356,           0.0020963,           0.0020963,           0.0020963
                 467,            0.023003,            0.013886,           0.0025497,            0.062679,           0.0068094,              0.9466,             0.93839,             0.96412,             0.64126,             0.02367,            0.015693,           0.0031731,            0.093703,            0.017361,           0.0020909,           0.0020909,           0.0020909
                 468,            0.022946,            0.014115,           0.0025162,             0.06274,           0.0067971,             0.94725,             0.93844,             0.96418,             0.64133,             0.02367,            0.015693,           0.0031719,            0.093716,            0.017364,           0.0020857,           0.0020857,           0.0020857
                 469,            0.022938,              0.0142,           0.0026693,            0.063002,           0.0068504,             0.94748,             0.93847,             0.96466,             0.64209,             0.02367,            0.015696,           0.0031712,            0.093725,            0.017369,           0.0020806,           0.0020806,           0.0020806
                 470,            0.022958,            0.014345,           0.0023154,            0.062953,            0.006542,             0.94648,             0.93843,             0.96386,             0.64203,            0.023669,            0.015695,           0.0031732,            0.093738,             0.01737,           0.0020756,           0.0020756,           0.0020756
                 471,            0.023055,            0.014429,            0.002403,            0.062595,           0.0065294,             0.94766,             0.93836,             0.96435,             0.64234,            0.023667,            0.015698,           0.0031745,            0.093746,            0.017373,           0.0020709,           0.0020709,           0.0020709
                 472,            0.022984,            0.014087,           0.0024217,            0.062873,            0.006536,             0.94945,             0.93815,             0.96565,             0.64365,            0.023664,            0.015698,           0.0031732,            0.093756,            0.017373,           0.0020662,           0.0020662,           0.0020662
                 473,             0.02285,            0.014084,           0.0024653,            0.062568,           0.0067883,             0.94938,             0.93788,             0.96614,             0.64336,            0.023664,            0.015699,           0.0031713,            0.093767,             0.01738,           0.0020617,           0.0020617,           0.0020617
                 474,            0.023001,             0.01383,           0.0025369,            0.062629,           0.0066063,             0.94844,               0.938,             0.96578,             0.64317,            0.023664,              0.0157,            0.003169,            0.093792,             0.01738,           0.0020574,           0.0020574,           0.0020574
                 475,            0.023083,            0.014123,           0.0024795,            0.063085,           0.0068762,             0.95049,             0.93789,             0.96627,             0.64391,            0.023664,              0.0157,           0.0031684,            0.093806,            0.017382,           0.0020533,           0.0020533,           0.0020533
                 476,            0.022992,            0.014161,           0.0026729,            0.063487,            0.006668,             0.95056,             0.93773,             0.96628,             0.64383,            0.023664,            0.015701,           0.0031695,            0.093817,            0.017386,           0.0020492,           0.0020492,           0.0020492
                 477,            0.022855,            0.014283,           0.0025713,             0.06317,           0.0065254,             0.95001,             0.93791,             0.96604,             0.64431,             0.02366,            0.015702,           0.0031664,            0.093822,            0.017389,           0.0020454,           0.0020454,           0.0020454
                 478,            0.022871,            0.014014,           0.0024406,            0.062728,           0.0068004,             0.94863,             0.93788,             0.96571,             0.64412,            0.023662,            0.015703,           0.0031695,            0.093837,            0.017389,           0.0020417,           0.0020417,           0.0020417
                 479,             0.02294,            0.013974,           0.0024042,            0.062257,           0.0065471,             0.94434,             0.93792,              0.9643,             0.64278,            0.023663,            0.015705,           0.0031697,            0.093859,            0.017396,           0.0020382,           0.0020382,           0.0020382
                 480,            0.022894,            0.013936,           0.0026493,            0.062828,            0.006564,             0.94583,             0.93762,             0.96563,             0.64327,            0.023665,            0.015706,           0.0031687,            0.093873,            0.017394,           0.0020348,           0.0020348,           0.0020348
                 481,            0.022906,            0.013968,           0.0023961,            0.062501,           0.0065334,             0.94653,             0.93842,             0.96521,              0.6438,            0.023665,            0.015707,           0.0031688,            0.093882,            0.017405,           0.0020315,           0.0020315,           0.0020315
                 482,            0.022632,            0.013794,           0.0022731,            0.062072,            0.006483,             0.94605,              0.9381,             0.96562,             0.64336,            0.023664,            0.015709,             0.00317,             0.09389,            0.017411,           0.0020285,           0.0020285,           0.0020285
                 483,             0.02284,            0.014418,           0.0025527,            0.063054,           0.0066531,             0.94861,              0.9385,             0.96586,             0.64419,            0.023663,             0.01571,           0.0031659,            0.093902,            0.017421,           0.0020256,           0.0020256,           0.0020256
                 484,            0.022803,            0.014204,           0.0024649,            0.062922,           0.0069428,              0.9492,             0.93859,             0.96598,             0.64361,            0.023662,             0.01571,           0.0031639,            0.093911,            0.017427,           0.0020228,           0.0020228,           0.0020228
                 485,            0.022657,            0.013998,           0.0025248,            0.062596,           0.0065619,             0.94662,             0.93829,             0.96567,             0.64351,            0.023663,            0.015712,           0.0031625,             0.09393,            0.017429,           0.0020202,           0.0020202,           0.0020202
                 486,            0.022841,            0.013992,           0.0023715,            0.062805,           0.0066168,             0.94471,             0.93829,             0.96536,             0.64305,            0.023662,            0.015715,           0.0031627,            0.093941,            0.017432,           0.0020178,           0.0020178,           0.0020178
                 487,            0.022597,             0.01383,           0.0023042,            0.062479,            0.006279,             0.94779,             0.93782,             0.96607,             0.64227,             0.02366,            0.015716,           0.0031623,            0.093957,            0.017442,           0.0020155,           0.0020155,           0.0020155
                 488,            0.022939,            0.013965,           0.0025707,             0.06213,           0.0064963,             0.93507,             0.94926,             0.96606,             0.64306,             0.02366,            0.015719,           0.0031612,            0.093976,            0.017448,           0.0020133,           0.0020133,           0.0020133
                 489,            0.022618,            0.013902,           0.0023206,            0.062359,           0.0064931,             0.93409,             0.94881,             0.96566,             0.64301,            0.023658,             0.01572,            0.003159,            0.093987,            0.017453,           0.0020114,           0.0020114,           0.0020114
                 490,            0.022869,            0.014066,           0.0023387,            0.062171,           0.0063727,             0.93394,             0.94903,             0.96577,             0.64314,            0.023657,            0.015723,            0.003159,            0.094005,            0.017453,           0.0020095,           0.0020095,           0.0020095
                 491,            0.022728,            0.014059,           0.0024574,            0.062404,           0.0066507,              0.9345,              0.9488,             0.96584,             0.64374,            0.023654,            0.015723,           0.0031555,            0.094015,            0.017455,           0.0020079,           0.0020079,           0.0020079
                 492,            0.022606,            0.014062,           0.0026761,            0.062765,            0.006772,              0.9326,             0.94868,             0.96448,             0.64206,            0.023651,            0.015724,           0.0031567,            0.094023,            0.017458,           0.0020064,           0.0020064,           0.0020064
                 493,            0.022547,            0.014129,           0.0025121,            0.062702,           0.0066885,             0.93718,              0.9447,             0.96407,             0.64261,             0.02365,            0.015726,           0.0031573,            0.094041,            0.017456,           0.0020051,           0.0020051,           0.0020051
                 494,             0.02263,            0.013782,           0.0022228,            0.061451,            0.006418,              0.9388,             0.94545,             0.96488,             0.64298,            0.023648,            0.015727,           0.0031564,            0.094051,            0.017461,           0.0020039,           0.0020039,           0.0020039
                 495,            0.022916,            0.013802,           0.0023928,            0.062435,           0.0063182,             0.94092,             0.94555,             0.96628,             0.64402,            0.023648,            0.015727,           0.0031519,            0.094058,            0.017464,           0.0020028,           0.0020028,           0.0020028
                 496,            0.022571,            0.013691,           0.0023221,            0.062325,           0.0065418,              0.9339,             0.94471,             0.96254,             0.64225,            0.023645,            0.015729,           0.0031514,            0.094066,            0.017468,            0.002002,            0.002002,            0.002002
                 497,            0.022993,            0.014005,           0.0025844,            0.062871,           0.0069218,              0.9465,             0.93698,             0.96493,             0.64358,            0.023645,             0.01573,           0.0031495,            0.094075,            0.017477,           0.0020013,           0.0020013,           0.0020013
                 498,            0.023027,            0.013821,           0.0025924,            0.062775,           0.0065217,             0.94439,             0.93735,             0.96363,              0.6419,            0.023641,             0.01573,           0.0031487,            0.094088,            0.017482,           0.0020007,           0.0020007,           0.0020007
                 499,            0.022729,            0.013822,           0.0026528,             0.06266,           0.0066676,             0.93548,             0.94589,             0.96332,             0.64116,            0.023639,            0.015733,           0.0031463,            0.094095,            0.017486,           0.0020003,           0.0020003,           0.0020003
